-11,-15,Bz4/CiSYUkVT1Dsro5qoa+nbL1Q=,5FVRTEoLOyHaB365bzsLcnmYmHc=
-10,-15,Bz4/CiSYUkVT1Dsro5qoa+nbL1Q=,5FVRTEoLOyHaB365bzsLcnmYmHc=
-11,-14,Bz4/CiSYUkVT1Dsro5qoa+nbL1Q=,5FVRTEoLOyHaB365bzsLcnmYmHc=
-3,-11,Bz4/CiSYUkVT1Dsro5qoa+nbL1Q=,5FVRTEoLOyHaB365bzsLcnmYmHc=
-10,-14,Bz4/CiSYUkVT1Dsro5qoa+nbL1Q=,5FVRTEoLOyHaB365bzsLcnmYmHc=
-2,-11,Bz4/CiSYUkVT1Dsro5qoa+nbL1Q=,5FVRTEoLOyHaB365bzsLcnmYmHc=
-4,-11,Bz4/CiSYUkVT1Dsro5qoa+nbL1Q=,5FVRTEoLOyHaB365bzsLcnmYmHc=
-4,-10,Bz4/CiSYUkVT1Dsro5qoa+nbL1Q=,5FVRTEoLOyHaB365bzsLcnmYmHc=
-2,-10,Bz4/CiSYUkVT1Dsro5qoa+nbL1Q=,5FVRTEoLOyHaB365bzsLcnmYmHc=
-3,-10,Bz4/CiSYUkVT1Dsro5qoa+nbL1Q=,5FVRTEoLOyHaB365bzsLcnmYmHc=
-10,-13,Bz4/CiSYUkVT1Dsro5qoa+nbL1Q=,5FVRTEoLOyHaB365bzsLcnmYmHc=
-11,-13,Bz4/CiSYUkVT1Dsro5qoa+nbL1Q=,5FVRTEoLOyHaB365bzsLcnmYmHc=
-11,-16,Bz4/CiSYUkVT1Dsro5qoa+nbL1Q=,5FVRTEoLOyHaB365bzsLcnmYmHc=
-10,-16,Bz4/CiSYUkVT1Dsro5qoa+nbL1Q=,5FVRTEoLOyHaB365bzsLcnmYmHc=
-1,-11,Bz4/CiSYUkVT1Dsro5qoa+nbL1Q=,5FVRTEoLOyHaB365bzsLcnmYmHc=
-1,-10,Bz4/CiSYUkVT1Dsro5qoa+nbL1Q=,5FVRTEoLOyHaB365bzsLcnmYmHc=
-12,-15,Bz4/CiSYUkVT1Dsro5qoa+nbL1Q=,5FVRTEoLOyHaB365bzsLcnmYmHc=
-12,-14,Bz4/CiSYUkVT1Dsro5qoa+nbL1Q=,5FVRTEoLOyHaB365bzsLcnmYmHc=
-12,-16,Bz4/CiSYUkVT1Dsro5qoa+nbL1Q=,5FVRTEoLOyHaB365bzsLcnmYmHc=
-2,-9,Bz4/CiSYUkVT1Dsro5qoa+nbL1Q=,5FVRTEoLOyHaB365bzsLcnmYmHc=
-3,-9,Bz4/CiSYUkVT1Dsro5qoa+nbL1Q=,5FVRTEoLOyHaB365bzsLcnmYmHc=
-12,-13,Bz4/CiSYUkVT1Dsro5qoa+nbL1Q=,5FVRTEoLOyHaB365bzsLcnmYmHc=
-13,-12,Bz4/CiSYUkVT1Dsro5qoa+nbL1Q=,OBPqOFkcY4uSd7T2S8JnjMkL9m4=
-4,-9,Bz4/CiSYUkVT1Dsro5qoa+nbL1Q=,5FVRTEoLOyHaB365bzsLcnmYmHc=
-5,-8,Bz4/CiSYUkVT1Dsro5qoa+nbL1Q=,CZKdzAhu4gAcoEG/oNeEbCDmAVk=
-1,-9,Bz4/CiSYUkVT1Dsro5qoa+nbL1Q=,5FVRTEoLOyHaB365bzsLcnmYmHc=
-6,-14,2lufhn7ymKPLJ+mtOBCxsp3TJTQ=,5FVRTEoLOyHaB365bzsLcnmYmHc=
-6,-15,2lufhn7ymKPLJ+mtOBCxsp3TJTQ=,5FVRTEoLOyHaB365bzsLcnmYmHc=
-7,-14,2lufhn7ymKPLJ+mtOBCxsp3TJTQ=,5FVRTEoLOyHaB365bzsLcnmYmHc=
-6,-13,2lufhn7ymKPLJ+mtOBCxsp3TJTQ=,5FVRTEoLOyHaB365bzsLcnmYmHc=
-9,-16,2lufhn7ymKPLJ+mtOBCxsp3TJTQ=,5FVRTEoLOyHaB365bzsLcnmYmHc=
-9,-14,2lufhn7ymKPLJ+mtOBCxsp3TJTQ=,5FVRTEoLOyHaB365bzsLcnmYmHc=
-9,-15,2lufhn7ymKPLJ+mtOBCxsp3TJTQ=,5FVRTEoLOyHaB365bzsLcnmYmHc=
-8,-16,2lufhn7ymKPLJ+mtOBCxsp3TJTQ=,5FVRTEoLOyHaB365bzsLcnmYmHc=
-8,-13,2lufhn7ymKPLJ+mtOBCxsp3TJTQ=,5FVRTEoLOyHaB365bzsLcnmYmHc=
-7,-16,2lufhn7ymKPLJ+mtOBCxsp3TJTQ=,5FVRTEoLOyHaB365bzsLcnmYmHc=
-7,-13,2lufhn7ymKPLJ+mtOBCxsp3TJTQ=,5FVRTEoLOyHaB365bzsLcnmYmHc=
-8,-15,2lufhn7ymKPLJ+mtOBCxsp3TJTQ=,5FVRTEoLOyHaB365bzsLcnmYmHc=
-7,-15,2lufhn7ymKPLJ+mtOBCxsp3TJTQ=,5FVRTEoLOyHaB365bzsLcnmYmHc=
-8,-14,2lufhn7ymKPLJ+mtOBCxsp3TJTQ=,5FVRTEoLOyHaB365bzsLcnmYmHc=
-9,-13,2lufhn7ymKPLJ+mtOBCxsp3TJTQ=,5FVRTEoLOyHaB365bzsLcnmYmHc=
-6,-16,2lufhn7ymKPLJ+mtOBCxsp3TJTQ=,5FVRTEoLOyHaB365bzsLcnmYmHc=
-4,-4,2lufhn7ymKPLJ+mtOBCxsp3TJTQ=,FtB4AAYGB3X+qMaHxwMspdXRE+Y=
-4,-2,2lufhn7ymKPLJ+mtOBCxsp3TJTQ=,FtB4AAYGB3X+qMaHxwMspdXRE+Y=
-4,-1,2lufhn7ymKPLJ+mtOBCxsp3TJTQ=,FtB4AAYGB3X+qMaHxwMspdXRE+Y=
-4,-3,2lufhn7ymKPLJ+mtOBCxsp3TJTQ=,FtB4AAYGB3X+qMaHxwMspdXRE+Y=
-5,-5,2lufhn7ymKPLJ+mtOBCxsp3TJTQ=,CZKdzAhu4gAcoEG/oNeEbCDmAVk=
-1,-4,2lufhn7ymKPLJ+mtOBCxsp3TJTQ=,FtB4AAYGB3X+qMaHxwMspdXRE+Y=
-2,-4,2lufhn7ymKPLJ+mtOBCxsp3TJTQ=,FtB4AAYGB3X+qMaHxwMspdXRE+Y=
-1,-3,2lufhn7ymKPLJ+mtOBCxsp3TJTQ=,FtB4AAYGB3X+qMaHxwMspdXRE+Y=
-3,-1,2lufhn7ymKPLJ+mtOBCxsp3TJTQ=,FtB4AAYGB3X+qMaHxwMspdXRE+Y=
-3,-4,2lufhn7ymKPLJ+mtOBCxsp3TJTQ=,FtB4AAYGB3X+qMaHxwMspdXRE+Y=
-3,-3,2lufhn7ymKPLJ+mtOBCxsp3TJTQ=,FtB4AAYGB3X+qMaHxwMspdXRE+Y=
-3,-2,2lufhn7ymKPLJ+mtOBCxsp3TJTQ=,FtB4AAYGB3X+qMaHxwMspdXRE+Y=
-2,-3,2lufhn7ymKPLJ+mtOBCxsp3TJTQ=,FtB4AAYGB3X+qMaHxwMspdXRE+Y=
-2,-1,2lufhn7ymKPLJ+mtOBCxsp3TJTQ=,FtB4AAYGB3X+qMaHxwMspdXRE+Y=
-2,-2,2lufhn7ymKPLJ+mtOBCxsp3TJTQ=,FtB4AAYGB3X+qMaHxwMspdXRE+Y=
-1,-2,2lufhn7ymKPLJ+mtOBCxsp3TJTQ=,FtB4AAYGB3X+qMaHxwMspdXRE+Y=
-1,-1,2lufhn7ymKPLJ+mtOBCxsp3TJTQ=,FtB4AAYGB3X+qMaHxwMspdXRE+Y=
-4,-13,2lufhn7ymKPLJ+mtOBCxsp3TJTQ=,5FVRTEoLOyHaB365bzsLcnmYmHc=
-1,-13,2lufhn7ymKPLJ+mtOBCxsp3TJTQ=,5FVRTEoLOyHaB365bzsLcnmYmHc=
-1,-12,2lufhn7ymKPLJ+mtOBCxsp3TJTQ=,5FVRTEoLOyHaB365bzsLcnmYmHc=
-2,-13,2lufhn7ymKPLJ+mtOBCxsp3TJTQ=,5FVRTEoLOyHaB365bzsLcnmYmHc=
-2,-12,2lufhn7ymKPLJ+mtOBCxsp3TJTQ=,5FVRTEoLOyHaB365bzsLcnmYmHc=
-4,-12,2lufhn7ymKPLJ+mtOBCxsp3TJTQ=,5FVRTEoLOyHaB365bzsLcnmYmHc=
-3,-12,2lufhn7ymKPLJ+mtOBCxsp3TJTQ=,5FVRTEoLOyHaB365bzsLcnmYmHc=
-2,-14,2lufhn7ymKPLJ+mtOBCxsp3TJTQ=,5FVRTEoLOyHaB365bzsLcnmYmHc=
-3,-13,2lufhn7ymKPLJ+mtOBCxsp3TJTQ=,5FVRTEoLOyHaB365bzsLcnmYmHc=
-5,-14,2lufhn7ymKPLJ+mtOBCxsp3TJTQ=,5FVRTEoLOyHaB365bzsLcnmYmHc=
-3,-15,2lufhn7ymKPLJ+mtOBCxsp3TJTQ=,5FVRTEoLOyHaB365bzsLcnmYmHc=
-4,-14,2lufhn7ymKPLJ+mtOBCxsp3TJTQ=,5FVRTEoLOyHaB365bzsLcnmYmHc=
-3,-14,2lufhn7ymKPLJ+mtOBCxsp3TJTQ=,5FVRTEoLOyHaB365bzsLcnmYmHc=
-5,-13,2lufhn7ymKPLJ+mtOBCxsp3TJTQ=,5FVRTEoLOyHaB365bzsLcnmYmHc=
-5,-15,2lufhn7ymKPLJ+mtOBCxsp3TJTQ=,5FVRTEoLOyHaB365bzsLcnmYmHc=
-4,-16,2lufhn7ymKPLJ+mtOBCxsp3TJTQ=,5FVRTEoLOyHaB365bzsLcnmYmHc=
-3,-16,2lufhn7ymKPLJ+mtOBCxsp3TJTQ=,5FVRTEoLOyHaB365bzsLcnmYmHc=
-1,-14,2lufhn7ymKPLJ+mtOBCxsp3TJTQ=,5FVRTEoLOyHaB365bzsLcnmYmHc=
-1,-15,2lufhn7ymKPLJ+mtOBCxsp3TJTQ=,5FVRTEoLOyHaB365bzsLcnmYmHc=
-1,-16,2lufhn7ymKPLJ+mtOBCxsp3TJTQ=,5FVRTEoLOyHaB365bzsLcnmYmHc=
-2,-15,2lufhn7ymKPLJ+mtOBCxsp3TJTQ=,5FVRTEoLOyHaB365bzsLcnmYmHc=
-5,-16,2lufhn7ymKPLJ+mtOBCxsp3TJTQ=,5FVRTEoLOyHaB365bzsLcnmYmHc=
-4,-15,2lufhn7ymKPLJ+mtOBCxsp3TJTQ=,5FVRTEoLOyHaB365bzsLcnmYmHc=
-2,-16,2lufhn7ymKPLJ+mtOBCxsp3TJTQ=,5FVRTEoLOyHaB365bzsLcnmYmHc=
-2,-27,Sj8czg/gpi8+YzfDDMlF8V5yaKo=,brH1sNicGOz2EZJWoGAWBJ/0n1k=
-3,-27,Sj8czg/gpi8+YzfDDMlF8V5yaKo=,brH1sNicGOz2EZJWoGAWBJ/0n1k=
-2,-26,Sj8czg/gpi8+YzfDDMlF8V5yaKo=,brH1sNicGOz2EZJWoGAWBJ/0n1k=
-3,-26,Sj8czg/gpi8+YzfDDMlF8V5yaKo=,brH1sNicGOz2EZJWoGAWBJ/0n1k=
-3,-25,uK2PmTmPcgShBeaZKQyXFSVSrH0=,brH1sNicGOz2EZJWoGAWBJ/0n1k=
-3,-23,uK2PmTmPcgShBeaZKQyXFSVSrH0=,8l4JgGpaN6J7irjk5GaY4XBkkyc=
-2,-24,uK2PmTmPcgShBeaZKQyXFSVSrH0=,8l4JgGpaN6J7irjk5GaY4XBkkyc=
-3,-24,uK2PmTmPcgShBeaZKQyXFSVSrH0=,8l4JgGpaN6J7irjk5GaY4XBkkyc=
-2,-25,uK2PmTmPcgShBeaZKQyXFSVSrH0=,brH1sNicGOz2EZJWoGAWBJ/0n1k=
-2,-22,uK2PmTmPcgShBeaZKQyXFSVSrH0=,8l4JgGpaN6J7irjk5GaY4XBkkyc=
-2,-23,uK2PmTmPcgShBeaZKQyXFSVSrH0=,8l4JgGpaN6J7irjk5GaY4XBkkyc=
-3,-22,s22vNL7Pivm0B+Gz/oX+gD5vqqs=,8l4JgGpaN6J7irjk5GaY4XBkkyc=
-4,-26,s22vNL7Pivm0B+Gz/oX+gD5vqqs=,brH1sNicGOz2EZJWoGAWBJ/0n1k=
-6,-26,s22vNL7Pivm0B+Gz/oX+gD5vqqs=,5FVRTEoLOyHaB365bzsLcnmYmHc=
-5,-27,s22vNL7Pivm0B+Gz/oX+gD5vqqs=,5FVRTEoLOyHaB365bzsLcnmYmHc=
-5,-26,s22vNL7Pivm0B+Gz/oX+gD5vqqs=,5FVRTEoLOyHaB365bzsLcnmYmHc=
-6,-27,s22vNL7Pivm0B+Gz/oX+gD5vqqs=,5FVRTEoLOyHaB365bzsLcnmYmHc=
-4,-27,s22vNL7Pivm0B+Gz/oX+gD5vqqs=,brH1sNicGOz2EZJWoGAWBJ/0n1k=
-7,-27,s22vNL7Pivm0B+Gz/oX+gD5vqqs=,5FVRTEoLOyHaB365bzsLcnmYmHc=
-7,-26,s22vNL7Pivm0B+Gz/oX+gD5vqqs=,5FVRTEoLOyHaB365bzsLcnmYmHc=
-5,-25,s22vNL7Pivm0B+Gz/oX+gD5vqqs=,5FVRTEoLOyHaB365bzsLcnmYmHc=
-5,-22,s22vNL7Pivm0B+Gz/oX+gD5vqqs=,5FVRTEoLOyHaB365bzsLcnmYmHc=
-6,-23,s22vNL7Pivm0B+Gz/oX+gD5vqqs=,5FVRTEoLOyHaB365bzsLcnmYmHc=
-4,-25,s22vNL7Pivm0B+Gz/oX+gD5vqqs=,brH1sNicGOz2EZJWoGAWBJ/0n1k=
-6,-25,s22vNL7Pivm0B+Gz/oX+gD5vqqs=,5FVRTEoLOyHaB365bzsLcnmYmHc=
-6,-22,s22vNL7Pivm0B+Gz/oX+gD5vqqs=,5FVRTEoLOyHaB365bzsLcnmYmHc=
-7,-25,s22vNL7Pivm0B+Gz/oX+gD5vqqs=,5FVRTEoLOyHaB365bzsLcnmYmHc=
-5,-24,s22vNL7Pivm0B+Gz/oX+gD5vqqs=,5FVRTEoLOyHaB365bzsLcnmYmHc=
-4,-23,s22vNL7Pivm0B+Gz/oX+gD5vqqs=,8l4JgGpaN6J7irjk5GaY4XBkkyc=
-7,-22,s22vNL7Pivm0B+Gz/oX+gD5vqqs=,5FVRTEoLOyHaB365bzsLcnmYmHc=
-7,-23,s22vNL7Pivm0B+Gz/oX+gD5vqqs=,5FVRTEoLOyHaB365bzsLcnmYmHc=
-6,-24,s22vNL7Pivm0B+Gz/oX+gD5vqqs=,5FVRTEoLOyHaB365bzsLcnmYmHc=
-7,-24,s22vNL7Pivm0B+Gz/oX+gD5vqqs=,5FVRTEoLOyHaB365bzsLcnmYmHc=
-5,-23,s22vNL7Pivm0B+Gz/oX+gD5vqqs=,5FVRTEoLOyHaB365bzsLcnmYmHc=
-4,-22,s22vNL7Pivm0B+Gz/oX+gD5vqqs=,8l4JgGpaN6J7irjk5GaY4XBkkyc=
-4,-24,s22vNL7Pivm0B+Gz/oX+gD5vqqs=,8l4JgGpaN6J7irjk5GaY4XBkkyc=
-15,-22,jyGY5HXRc4GGeS2Rmg9O2FSreo8=,5FVRTEoLOyHaB365bzsLcnmYmHc=
-14,-23,jyGY5HXRc4GGeS2Rmg9O2FSreo8=,5FVRTEoLOyHaB365bzsLcnmYmHc=
-14,-22,jyGY5HXRc4GGeS2Rmg9O2FSreo8=,5FVRTEoLOyHaB365bzsLcnmYmHc=
-15,-23,jyGY5HXRc4GGeS2Rmg9O2FSreo8=,5FVRTEoLOyHaB365bzsLcnmYmHc=
-13,-22,pjJPzh2tJZoTas4tDHfR++Sfizc=,5FVRTEoLOyHaB365bzsLcnmYmHc=
-13,-23,pjJPzh2tJZoTas4tDHfR++Sfizc=,5FVRTEoLOyHaB365bzsLcnmYmHc=
-9,-22,pjJPzh2tJZoTas4tDHfR++Sfizc=,5FVRTEoLOyHaB365bzsLcnmYmHc=
-12,-23,pjJPzh2tJZoTas4tDHfR++Sfizc=,5FVRTEoLOyHaB365bzsLcnmYmHc=
-11,-22,pjJPzh2tJZoTas4tDHfR++Sfizc=,5FVRTEoLOyHaB365bzsLcnmYmHc=
-10,-22,pjJPzh2tJZoTas4tDHfR++Sfizc=,5FVRTEoLOyHaB365bzsLcnmYmHc=
-12,-22,pjJPzh2tJZoTas4tDHfR++Sfizc=,5FVRTEoLOyHaB365bzsLcnmYmHc=
-10,-23,pjJPzh2tJZoTas4tDHfR++Sfizc=,5FVRTEoLOyHaB365bzsLcnmYmHc=
-11,-23,pjJPzh2tJZoTas4tDHfR++Sfizc=,5FVRTEoLOyHaB365bzsLcnmYmHc=
-8,-23,pjJPzh2tJZoTas4tDHfR++Sfizc=,5FVRTEoLOyHaB365bzsLcnmYmHc=
-9,-23,pjJPzh2tJZoTas4tDHfR++Sfizc=,5FVRTEoLOyHaB365bzsLcnmYmHc=
-8,-22,pjJPzh2tJZoTas4tDHfR++Sfizc=,5FVRTEoLOyHaB365bzsLcnmYmHc=
-9,-24,pjJPzh2tJZoTas4tDHfR++Sfizc=,5FVRTEoLOyHaB365bzsLcnmYmHc=
-8,-24,pjJPzh2tJZoTas4tDHfR++Sfizc=,5FVRTEoLOyHaB365bzsLcnmYmHc=
-10,-27,pjJPzh2tJZoTas4tDHfR++Sfizc=,5FVRTEoLOyHaB365bzsLcnmYmHc=
-9,-27,pjJPzh2tJZoTas4tDHfR++Sfizc=,5FVRTEoLOyHaB365bzsLcnmYmHc=
-10,-24,pjJPzh2tJZoTas4tDHfR++Sfizc=,5FVRTEoLOyHaB365bzsLcnmYmHc=
-11,-27,pjJPzh2tJZoTas4tDHfR++Sfizc=,5FVRTEoLOyHaB365bzsLcnmYmHc=
-8,-27,pjJPzh2tJZoTas4tDHfR++Sfizc=,5FVRTEoLOyHaB365bzsLcnmYmHc=
-11,-26,pjJPzh2tJZoTas4tDHfR++Sfizc=,5FVRTEoLOyHaB365bzsLcnmYmHc=
-9,-25,pjJPzh2tJZoTas4tDHfR++Sfizc=,5FVRTEoLOyHaB365bzsLcnmYmHc=
-8,-26,pjJPzh2tJZoTas4tDHfR++Sfizc=,5FVRTEoLOyHaB365bzsLcnmYmHc=
-10,-25,pjJPzh2tJZoTas4tDHfR++Sfizc=,5FVRTEoLOyHaB365bzsLcnmYmHc=
-11,-24,pjJPzh2tJZoTas4tDHfR++Sfizc=,5FVRTEoLOyHaB365bzsLcnmYmHc=
-9,-26,pjJPzh2tJZoTas4tDHfR++Sfizc=,5FVRTEoLOyHaB365bzsLcnmYmHc=
-10,-26,pjJPzh2tJZoTas4tDHfR++Sfizc=,5FVRTEoLOyHaB365bzsLcnmYmHc=
-8,-25,pjJPzh2tJZoTas4tDHfR++Sfizc=,5FVRTEoLOyHaB365bzsLcnmYmHc=
-11,-25,pjJPzh2tJZoTas4tDHfR++Sfizc=,5FVRTEoLOyHaB365bzsLcnmYmHc=
-10,-31,RHDHSU7ddca1lCvx7x3zXHuFMkc=,5FVRTEoLOyHaB365bzsLcnmYmHc=
-11,-31,RHDHSU7ddca1lCvx7x3zXHuFMkc=,5FVRTEoLOyHaB365bzsLcnmYmHc=
-11,-30,RHDHSU7ddca1lCvx7x3zXHuFMkc=,5FVRTEoLOyHaB365bzsLcnmYmHc=
-10,-30,RHDHSU7ddca1lCvx7x3zXHuFMkc=,5FVRTEoLOyHaB365bzsLcnmYmHc=
-10,-28,RHDHSU7ddca1lCvx7x3zXHuFMkc=,5FVRTEoLOyHaB365bzsLcnmYmHc=
-10,-29,RHDHSU7ddca1lCvx7x3zXHuFMkc=,5FVRTEoLOyHaB365bzsLcnmYmHc=
-11,-28,RHDHSU7ddca1lCvx7x3zXHuFMkc=,5FVRTEoLOyHaB365bzsLcnmYmHc=
-11,-29,RHDHSU7ddca1lCvx7x3zXHuFMkc=,5FVRTEoLOyHaB365bzsLcnmYmHc=
-13,-31,RHDHSU7ddca1lCvx7x3zXHuFMkc=,5FVRTEoLOyHaB365bzsLcnmYmHc=
-15,-31,RHDHSU7ddca1lCvx7x3zXHuFMkc=,5FVRTEoLOyHaB365bzsLcnmYmHc=
-12,-31,RHDHSU7ddca1lCvx7x3zXHuFMkc=,5FVRTEoLOyHaB365bzsLcnmYmHc=
-14,-31,RHDHSU7ddca1lCvx7x3zXHuFMkc=,5FVRTEoLOyHaB365bzsLcnmYmHc=
-15,-30,RHDHSU7ddca1lCvx7x3zXHuFMkc=,5FVRTEoLOyHaB365bzsLcnmYmHc=
-14,-30,RHDHSU7ddca1lCvx7x3zXHuFMkc=,5FVRTEoLOyHaB365bzsLcnmYmHc=
-12,-30,RHDHSU7ddca1lCvx7x3zXHuFMkc=,5FVRTEoLOyHaB365bzsLcnmYmHc=
-13,-30,RHDHSU7ddca1lCvx7x3zXHuFMkc=,5FVRTEoLOyHaB365bzsLcnmYmHc=
-1,-27,RHDHSU7ddca1lCvx7x3zXHuFMkc=,brH1sNicGOz2EZJWoGAWBJ/0n1k=
-1,-26,RHDHSU7ddca1lCvx7x3zXHuFMkc=,brH1sNicGOz2EZJWoGAWBJ/0n1k=
-11,-32,RHDHSU7ddca1lCvx7x3zXHuFMkc=,5FVRTEoLOyHaB365bzsLcnmYmHc=
-10,-32,RHDHSU7ddca1lCvx7x3zXHuFMkc=,5FVRTEoLOyHaB365bzsLcnmYmHc=
-16,-31,RHDHSU7ddca1lCvx7x3zXHuFMkc=,5FVRTEoLOyHaB365bzsLcnmYmHc=
-16,-30,RHDHSU7ddca1lCvx7x3zXHuFMkc=,5FVRTEoLOyHaB365bzsLcnmYmHc=
-16,-22,RHDHSU7ddca1lCvx7x3zXHuFMkc=,5FVRTEoLOyHaB365bzsLcnmYmHc=
-16,-23,RHDHSU7ddca1lCvx7x3zXHuFMkc=,5FVRTEoLOyHaB365bzsLcnmYmHc=
-15,-21,RHDHSU7ddca1lCvx7x3zXHuFMkc=,5FVRTEoLOyHaB365bzsLcnmYmHc=
-14,-21,RHDHSU7ddca1lCvx7x3zXHuFMkc=,5FVRTEoLOyHaB365bzsLcnmYmHc=
-13,-24,42qVkTdJhBSBpATn2dvpC4OixAY=,5FVRTEoLOyHaB365bzsLcnmYmHc=
-8,-31,42qVkTdJhBSBpATn2dvpC4OixAY=,5FVRTEoLOyHaB365bzsLcnmYmHc=
-7,-31,42qVkTdJhBSBpATn2dvpC4OixAY=,5FVRTEoLOyHaB365bzsLcnmYmHc=
-6,-31,42qVkTdJhBSBpATn2dvpC4OixAY=,5FVRTEoLOyHaB365bzsLcnmYmHc=
-12,-29,42qVkTdJhBSBpATn2dvpC4OixAY=,5FVRTEoLOyHaB365bzsLcnmYmHc=
-13,-26,42qVkTdJhBSBpATn2dvpC4OixAY=,5FVRTEoLOyHaB365bzsLcnmYmHc=
-13,-25,42qVkTdJhBSBpATn2dvpC4OixAY=,5FVRTEoLOyHaB365bzsLcnmYmHc=
-8,-30,42qVkTdJhBSBpATn2dvpC4OixAY=,5FVRTEoLOyHaB365bzsLcnmYmHc=
-14,-24,42qVkTdJhBSBpATn2dvpC4OixAY=,5FVRTEoLOyHaB365bzsLcnmYmHc=
-14,-27,42qVkTdJhBSBpATn2dvpC4OixAY=,5FVRTEoLOyHaB365bzsLcnmYmHc=
-15,-29,42qVkTdJhBSBpATn2dvpC4OixAY=,5FVRTEoLOyHaB365bzsLcnmYmHc=
-14,-25,42qVkTdJhBSBpATn2dvpC4OixAY=,5FVRTEoLOyHaB365bzsLcnmYmHc=
-9,-31,42qVkTdJhBSBpATn2dvpC4OixAY=,5FVRTEoLOyHaB365bzsLcnmYmHc=
-12,-25,42qVkTdJhBSBpATn2dvpC4OixAY=,5FVRTEoLOyHaB365bzsLcnmYmHc=
-13,-27,42qVkTdJhBSBpATn2dvpC4OixAY=,5FVRTEoLOyHaB365bzsLcnmYmHc=
-13,-29,42qVkTdJhBSBpATn2dvpC4OixAY=,5FVRTEoLOyHaB365bzsLcnmYmHc=
-14,-29,42qVkTdJhBSBpATn2dvpC4OixAY=,5FVRTEoLOyHaB365bzsLcnmYmHc=
-13,-28,42qVkTdJhBSBpATn2dvpC4OixAY=,5FVRTEoLOyHaB365bzsLcnmYmHc=
-6,-32,42qVkTdJhBSBpATn2dvpC4OixAY=,5FVRTEoLOyHaB365bzsLcnmYmHc=
-9,-32,42qVkTdJhBSBpATn2dvpC4OixAY=,5FVRTEoLOyHaB365bzsLcnmYmHc=
-9,-30,42qVkTdJhBSBpATn2dvpC4OixAY=,5FVRTEoLOyHaB365bzsLcnmYmHc=
-7,-32,42qVkTdJhBSBpATn2dvpC4OixAY=,5FVRTEoLOyHaB365bzsLcnmYmHc=
-6,-29,42qVkTdJhBSBpATn2dvpC4OixAY=,5FVRTEoLOyHaB365bzsLcnmYmHc=
-12,-26,42qVkTdJhBSBpATn2dvpC4OixAY=,5FVRTEoLOyHaB365bzsLcnmYmHc=
-7,-28,42qVkTdJhBSBpATn2dvpC4OixAY=,5FVRTEoLOyHaB365bzsLcnmYmHc=
-8,-28,42qVkTdJhBSBpATn2dvpC4OixAY=,5FVRTEoLOyHaB365bzsLcnmYmHc=
-8,-32,42qVkTdJhBSBpATn2dvpC4OixAY=,5FVRTEoLOyHaB365bzsLcnmYmHc=
-15,-24,42qVkTdJhBSBpATn2dvpC4OixAY=,5FVRTEoLOyHaB365bzsLcnmYmHc=
-9,-28,42qVkTdJhBSBpATn2dvpC4OixAY=,5FVRTEoLOyHaB365bzsLcnmYmHc=
-7,-29,42qVkTdJhBSBpATn2dvpC4OixAY=,5FVRTEoLOyHaB365bzsLcnmYmHc=
-6,-30,42qVkTdJhBSBpATn2dvpC4OixAY=,5FVRTEoLOyHaB365bzsLcnmYmHc=
-7,-30,42qVkTdJhBSBpATn2dvpC4OixAY=,5FVRTEoLOyHaB365bzsLcnmYmHc=
-9,-29,42qVkTdJhBSBpATn2dvpC4OixAY=,5FVRTEoLOyHaB365bzsLcnmYmHc=
-14,-28,42qVkTdJhBSBpATn2dvpC4OixAY=,5FVRTEoLOyHaB365bzsLcnmYmHc=
-8,-29,42qVkTdJhBSBpATn2dvpC4OixAY=,5FVRTEoLOyHaB365bzsLcnmYmHc=
-12,-24,42qVkTdJhBSBpATn2dvpC4OixAY=,5FVRTEoLOyHaB365bzsLcnmYmHc=
-15,-27,42qVkTdJhBSBpATn2dvpC4OixAY=,5FVRTEoLOyHaB365bzsLcnmYmHc=
-6,-28,42qVkTdJhBSBpATn2dvpC4OixAY=,5FVRTEoLOyHaB365bzsLcnmYmHc=
-15,-28,42qVkTdJhBSBpATn2dvpC4OixAY=,5FVRTEoLOyHaB365bzsLcnmYmHc=
-15,-25,42qVkTdJhBSBpATn2dvpC4OixAY=,5FVRTEoLOyHaB365bzsLcnmYmHc=
-3,-31,42qVkTdJhBSBpATn2dvpC4OixAY=,5FVRTEoLOyHaB365bzsLcnmYmHc=
-1,-28,42qVkTdJhBSBpATn2dvpC4OixAY=,brH1sNicGOz2EZJWoGAWBJ/0n1k=
-3,-29,42qVkTdJhBSBpATn2dvpC4OixAY=,5FVRTEoLOyHaB365bzsLcnmYmHc=
-2,-29,42qVkTdJhBSBpATn2dvpC4OixAY=,5FVRTEoLOyHaB365bzsLcnmYmHc=
-2,-31,42qVkTdJhBSBpATn2dvpC4OixAY=,5FVRTEoLOyHaB365bzsLcnmYmHc=
-16,-27,42qVkTdJhBSBpATn2dvpC4OixAY=,5FVRTEoLOyHaB365bzsLcnmYmHc=
-5,-31,42qVkTdJhBSBpATn2dvpC4OixAY=,5FVRTEoLOyHaB365bzsLcnmYmHc=
-4,-31,42qVkTdJhBSBpATn2dvpC4OixAY=,5FVRTEoLOyHaB365bzsLcnmYmHc=
-3,-30,42qVkTdJhBSBpATn2dvpC4OixAY=,5FVRTEoLOyHaB365bzsLcnmYmHc=
-2,-28,42qVkTdJhBSBpATn2dvpC4OixAY=,brH1sNicGOz2EZJWoGAWBJ/0n1k=
-16,-29,42qVkTdJhBSBpATn2dvpC4OixAY=,5FVRTEoLOyHaB365bzsLcnmYmHc=
-5,-30,42qVkTdJhBSBpATn2dvpC4OixAY=,5FVRTEoLOyHaB365bzsLcnmYmHc=
-14,-26,42qVkTdJhBSBpATn2dvpC4OixAY=,5FVRTEoLOyHaB365bzsLcnmYmHc=
-1,-32,42qVkTdJhBSBpATn2dvpC4OixAY=,5FVRTEoLOyHaB365bzsLcnmYmHc=
-5,-32,42qVkTdJhBSBpATn2dvpC4OixAY=,5FVRTEoLOyHaB365bzsLcnmYmHc=
-1,-31,42qVkTdJhBSBpATn2dvpC4OixAY=,5FVRTEoLOyHaB365bzsLcnmYmHc=
-16,-24,42qVkTdJhBSBpATn2dvpC4OixAY=,5FVRTEoLOyHaB365bzsLcnmYmHc=
-2,-32,42qVkTdJhBSBpATn2dvpC4OixAY=,5FVRTEoLOyHaB365bzsLcnmYmHc=
-1,-30,42qVkTdJhBSBpATn2dvpC4OixAY=,5FVRTEoLOyHaB365bzsLcnmYmHc=
-1,-29,42qVkTdJhBSBpATn2dvpC4OixAY=,5FVRTEoLOyHaB365bzsLcnmYmHc=
-4,-30,42qVkTdJhBSBpATn2dvpC4OixAY=,5FVRTEoLOyHaB365bzsLcnmYmHc=
-4,-32,42qVkTdJhBSBpATn2dvpC4OixAY=,5FVRTEoLOyHaB365bzsLcnmYmHc=
-3,-32,42qVkTdJhBSBpATn2dvpC4OixAY=,5FVRTEoLOyHaB365bzsLcnmYmHc=
-12,-27,42qVkTdJhBSBpATn2dvpC4OixAY=,5FVRTEoLOyHaB365bzsLcnmYmHc=
-16,-26,42qVkTdJhBSBpATn2dvpC4OixAY=,5FVRTEoLOyHaB365bzsLcnmYmHc=
-12,-28,42qVkTdJhBSBpATn2dvpC4OixAY=,5FVRTEoLOyHaB365bzsLcnmYmHc=
-2,-30,42qVkTdJhBSBpATn2dvpC4OixAY=,5FVRTEoLOyHaB365bzsLcnmYmHc=
-16,-25,42qVkTdJhBSBpATn2dvpC4OixAY=,5FVRTEoLOyHaB365bzsLcnmYmHc=
-15,-26,42qVkTdJhBSBpATn2dvpC4OixAY=,5FVRTEoLOyHaB365bzsLcnmYmHc=
-16,-28,42qVkTdJhBSBpATn2dvpC4OixAY=,5FVRTEoLOyHaB365bzsLcnmYmHc=
-5,-29,42qVkTdJhBSBpATn2dvpC4OixAY=,5FVRTEoLOyHaB365bzsLcnmYmHc=
-4,-29,42qVkTdJhBSBpATn2dvpC4OixAY=,5FVRTEoLOyHaB365bzsLcnmYmHc=
-5,-28,42qVkTdJhBSBpATn2dvpC4OixAY=,5FVRTEoLOyHaB365bzsLcnmYmHc=
-13,-21,42qVkTdJhBSBpATn2dvpC4OixAY=,5FVRTEoLOyHaB365bzsLcnmYmHc=
-10,-18,42qVkTdJhBSBpATn2dvpC4OixAY=,5FVRTEoLOyHaB365bzsLcnmYmHc=
-3,-28,42qVkTdJhBSBpATn2dvpC4OixAY=,brH1sNicGOz2EZJWoGAWBJ/0n1k=
-10,-19,42qVkTdJhBSBpATn2dvpC4OixAY=,5FVRTEoLOyHaB365bzsLcnmYmHc=
-11,-19,42qVkTdJhBSBpATn2dvpC4OixAY=,5FVRTEoLOyHaB365bzsLcnmYmHc=
-10,-21,42qVkTdJhBSBpATn2dvpC4OixAY=,5FVRTEoLOyHaB365bzsLcnmYmHc=
-12,-19,42qVkTdJhBSBpATn2dvpC4OixAY=,5FVRTEoLOyHaB365bzsLcnmYmHc=
-12,-21,42qVkTdJhBSBpATn2dvpC4OixAY=,5FVRTEoLOyHaB365bzsLcnmYmHc=
-11,-21,42qVkTdJhBSBpATn2dvpC4OixAY=,5FVRTEoLOyHaB365bzsLcnmYmHc=
-10,-20,42qVkTdJhBSBpATn2dvpC4OixAY=,5FVRTEoLOyHaB365bzsLcnmYmHc=
-11,-20,42qVkTdJhBSBpATn2dvpC4OixAY=,5FVRTEoLOyHaB365bzsLcnmYmHc=
-12,-18,42qVkTdJhBSBpATn2dvpC4OixAY=,5FVRTEoLOyHaB365bzsLcnmYmHc=
-12,-20,42qVkTdJhBSBpATn2dvpC4OixAY=,5FVRTEoLOyHaB365bzsLcnmYmHc=
-11,-18,42qVkTdJhBSBpATn2dvpC4OixAY=,5FVRTEoLOyHaB365bzsLcnmYmHc=
-4,-28,42qVkTdJhBSBpATn2dvpC4OixAY=,brH1sNicGOz2EZJWoGAWBJ/0n1k=
-10,-17,42qVkTdJhBSBpATn2dvpC4OixAY=,5FVRTEoLOyHaB365bzsLcnmYmHc=
-11,-17,42qVkTdJhBSBpATn2dvpC4OixAY=,5FVRTEoLOyHaB365bzsLcnmYmHc=
-12,-32,42qVkTdJhBSBpATn2dvpC4OixAY=,5FVRTEoLOyHaB365bzsLcnmYmHc=
-13,-32,42qVkTdJhBSBpATn2dvpC4OixAY=,5FVRTEoLOyHaB365bzsLcnmYmHc=
-14,-32,42qVkTdJhBSBpATn2dvpC4OixAY=,5FVRTEoLOyHaB365bzsLcnmYmHc=
-15,-32,42qVkTdJhBSBpATn2dvpC4OixAY=,5FVRTEoLOyHaB365bzsLcnmYmHc=
-16,-32,42qVkTdJhBSBpATn2dvpC4OixAY=,5FVRTEoLOyHaB365bzsLcnmYmHc=
-12,-17,42qVkTdJhBSBpATn2dvpC4OixAY=,5FVRTEoLOyHaB365bzsLcnmYmHc=
-16,-21,42qVkTdJhBSBpATn2dvpC4OixAY=,5FVRTEoLOyHaB365bzsLcnmYmHc=
-1,-25,42qVkTdJhBSBpATn2dvpC4OixAY=,brH1sNicGOz2EZJWoGAWBJ/0n1k=
-1,-24,42qVkTdJhBSBpATn2dvpC4OixAY=,8l4JgGpaN6J7irjk5GaY4XBkkyc=
-1,-22,42qVkTdJhBSBpATn2dvpC4OixAY=,8l4JgGpaN6J7irjk5GaY4XBkkyc=
-1,-23,42qVkTdJhBSBpATn2dvpC4OixAY=,8l4JgGpaN6J7irjk5GaY4XBkkyc=
-9,-17,J5xo7oa7Kk1uCvNKP10ShxWtRTA=,5FVRTEoLOyHaB365bzsLcnmYmHc=
-7,-17,J5xo7oa7Kk1uCvNKP10ShxWtRTA=,5FVRTEoLOyHaB365bzsLcnmYmHc=
-8,-17,J5xo7oa7Kk1uCvNKP10ShxWtRTA=,5FVRTEoLOyHaB365bzsLcnmYmHc=
-9,-19,J5xo7oa7Kk1uCvNKP10ShxWtRTA=,5FVRTEoLOyHaB365bzsLcnmYmHc=
-9,-18,J5xo7oa7Kk1uCvNKP10ShxWtRTA=,5FVRTEoLOyHaB365bzsLcnmYmHc=
-9,-21,J5xo7oa7Kk1uCvNKP10ShxWtRTA=,5FVRTEoLOyHaB365bzsLcnmYmHc=
-6,-17,J5xo7oa7Kk1uCvNKP10ShxWtRTA=,5FVRTEoLOyHaB365bzsLcnmYmHc=
-7,-18,J5xo7oa7Kk1uCvNKP10ShxWtRTA=,5FVRTEoLOyHaB365bzsLcnmYmHc=
-6,-18,J5xo7oa7Kk1uCvNKP10ShxWtRTA=,5FVRTEoLOyHaB365bzsLcnmYmHc=
-8,-18,J5xo7oa7Kk1uCvNKP10ShxWtRTA=,5FVRTEoLOyHaB365bzsLcnmYmHc=
-6,-21,J5xo7oa7Kk1uCvNKP10ShxWtRTA=,5FVRTEoLOyHaB365bzsLcnmYmHc=
-6,-20,J5xo7oa7Kk1uCvNKP10ShxWtRTA=,5FVRTEoLOyHaB365bzsLcnmYmHc=
-9,-20,J5xo7oa7Kk1uCvNKP10ShxWtRTA=,5FVRTEoLOyHaB365bzsLcnmYmHc=
-8,-19,J5xo7oa7Kk1uCvNKP10ShxWtRTA=,5FVRTEoLOyHaB365bzsLcnmYmHc=
-7,-20,J5xo7oa7Kk1uCvNKP10ShxWtRTA=,5FVRTEoLOyHaB365bzsLcnmYmHc=
-6,-19,J5xo7oa7Kk1uCvNKP10ShxWtRTA=,5FVRTEoLOyHaB365bzsLcnmYmHc=
-8,-20,J5xo7oa7Kk1uCvNKP10ShxWtRTA=,5FVRTEoLOyHaB365bzsLcnmYmHc=
-7,-21,J5xo7oa7Kk1uCvNKP10ShxWtRTA=,5FVRTEoLOyHaB365bzsLcnmYmHc=
-8,-21,J5xo7oa7Kk1uCvNKP10ShxWtRTA=,5FVRTEoLOyHaB365bzsLcnmYmHc=
-7,-19,J5xo7oa7Kk1uCvNKP10ShxWtRTA=,5FVRTEoLOyHaB365bzsLcnmYmHc=
-1,-17,J5xo7oa7Kk1uCvNKP10ShxWtRTA=,8l4JgGpaN6J7irjk5GaY4XBkkyc=
-5,-19,J5xo7oa7Kk1uCvNKP10ShxWtRTA=,5FVRTEoLOyHaB365bzsLcnmYmHc=
-1,-20,J5xo7oa7Kk1uCvNKP10ShxWtRTA=,8l4JgGpaN6J7irjk5GaY4XBkkyc=
-3,-19,J5xo7oa7Kk1uCvNKP10ShxWtRTA=,8l4JgGpaN6J7irjk5GaY4XBkkyc=
-1,-19,J5xo7oa7Kk1uCvNKP10ShxWtRTA=,8l4JgGpaN6J7irjk5GaY4XBkkyc=
-3,-21,J5xo7oa7Kk1uCvNKP10ShxWtRTA=,8l4JgGpaN6J7irjk5GaY4XBkkyc=
-4,-17,J5xo7oa7Kk1uCvNKP10ShxWtRTA=,8l4JgGpaN6J7irjk5GaY4XBkkyc=
-5,-17,J5xo7oa7Kk1uCvNKP10ShxWtRTA=,5FVRTEoLOyHaB365bzsLcnmYmHc=
-3,-20,J5xo7oa7Kk1uCvNKP10ShxWtRTA=,8l4JgGpaN6J7irjk5GaY4XBkkyc=
-2,-21,J5xo7oa7Kk1uCvNKP10ShxWtRTA=,8l4JgGpaN6J7irjk5GaY4XBkkyc=
-2,-20,J5xo7oa7Kk1uCvNKP10ShxWtRTA=,8l4JgGpaN6J7irjk5GaY4XBkkyc=
-1,-18,J5xo7oa7Kk1uCvNKP10ShxWtRTA=,8l4JgGpaN6J7irjk5GaY4XBkkyc=
-1,-21,J5xo7oa7Kk1uCvNKP10ShxWtRTA=,8l4JgGpaN6J7irjk5GaY4XBkkyc=
-2,-17,J5xo7oa7Kk1uCvNKP10ShxWtRTA=,8l4JgGpaN6J7irjk5GaY4XBkkyc=
-5,-18,J5xo7oa7Kk1uCvNKP10ShxWtRTA=,5FVRTEoLOyHaB365bzsLcnmYmHc=
-5,-20,J5xo7oa7Kk1uCvNKP10ShxWtRTA=,5FVRTEoLOyHaB365bzsLcnmYmHc=
-5,-21,J5xo7oa7Kk1uCvNKP10ShxWtRTA=,5FVRTEoLOyHaB365bzsLcnmYmHc=
-4,-21,J5xo7oa7Kk1uCvNKP10ShxWtRTA=,8l4JgGpaN6J7irjk5GaY4XBkkyc=
-4,-20,J5xo7oa7Kk1uCvNKP10ShxWtRTA=,8l4JgGpaN6J7irjk5GaY4XBkkyc=
-4,-18,J5xo7oa7Kk1uCvNKP10ShxWtRTA=,8l4JgGpaN6J7irjk5GaY4XBkkyc=
-4,-19,J5xo7oa7Kk1uCvNKP10ShxWtRTA=,8l4JgGpaN6J7irjk5GaY4XBkkyc=
-2,-18,J5xo7oa7Kk1uCvNKP10ShxWtRTA=,8l4JgGpaN6J7irjk5GaY4XBkkyc=
-3,-18,J5xo7oa7Kk1uCvNKP10ShxWtRTA=,8l4JgGpaN6J7irjk5GaY4XBkkyc=
-3,-17,J5xo7oa7Kk1uCvNKP10ShxWtRTA=,8l4JgGpaN6J7irjk5GaY4XBkkyc=
-2,-19,J5xo7oa7Kk1uCvNKP10ShxWtRTA=,8l4JgGpaN6J7irjk5GaY4XBkkyc=
-19,-30,WFvda0w/kigWNv9OEvQ5YoimGDY=,5FVRTEoLOyHaB365bzsLcnmYmHc=
-19,-32,WFvda0w/kigWNv9OEvQ5YoimGDY=,5FVRTEoLOyHaB365bzsLcnmYmHc=
-18,-32,WFvda0w/kigWNv9OEvQ5YoimGDY=,5FVRTEoLOyHaB365bzsLcnmYmHc=
-18,-31,WFvda0w/kigWNv9OEvQ5YoimGDY=,5FVRTEoLOyHaB365bzsLcnmYmHc=
-18,-30,WFvda0w/kigWNv9OEvQ5YoimGDY=,5FVRTEoLOyHaB365bzsLcnmYmHc=
-19,-31,WFvda0w/kigWNv9OEvQ5YoimGDY=,5FVRTEoLOyHaB365bzsLcnmYmHc=
-23,-23,WFvda0w/kigWNv9OEvQ5YoimGDY=,5FVRTEoLOyHaB365bzsLcnmYmHc=
-23,-22,WFvda0w/kigWNv9OEvQ5YoimGDY=,5FVRTEoLOyHaB365bzsLcnmYmHc=
-22,-23,WFvda0w/kigWNv9OEvQ5YoimGDY=,5FVRTEoLOyHaB365bzsLcnmYmHc=
-22,-22,WFvda0w/kigWNv9OEvQ5YoimGDY=,5FVRTEoLOyHaB365bzsLcnmYmHc=
-21,-22,JC1JM73x9/MXOoXweXfP4dzYJec=,5FVRTEoLOyHaB365bzsLcnmYmHc=
-19,-23,JC1JM73x9/MXOoXweXfP4dzYJec=,5FVRTEoLOyHaB365bzsLcnmYmHc=
-19,-22,JC1JM73x9/MXOoXweXfP4dzYJec=,5FVRTEoLOyHaB365bzsLcnmYmHc=
-20,-23,JC1JM73x9/MXOoXweXfP4dzYJec=,5FVRTEoLOyHaB365bzsLcnmYmHc=
-18,-22,JC1JM73x9/MXOoXweXfP4dzYJec=,5FVRTEoLOyHaB365bzsLcnmYmHc=
-18,-23,JC1JM73x9/MXOoXweXfP4dzYJec=,5FVRTEoLOyHaB365bzsLcnmYmHc=
-21,-23,JC1JM73x9/MXOoXweXfP4dzYJec=,5FVRTEoLOyHaB365bzsLcnmYmHc=
-20,-22,JC1JM73x9/MXOoXweXfP4dzYJec=,5FVRTEoLOyHaB365bzsLcnmYmHc=
-20,-31,JC1JM73x9/MXOoXweXfP4dzYJec=,5FVRTEoLOyHaB365bzsLcnmYmHc=
-23,-31,JC1JM73x9/MXOoXweXfP4dzYJec=,5FVRTEoLOyHaB365bzsLcnmYmHc=
-22,-31,JC1JM73x9/MXOoXweXfP4dzYJec=,5FVRTEoLOyHaB365bzsLcnmYmHc=
-21,-31,JC1JM73x9/MXOoXweXfP4dzYJec=,5FVRTEoLOyHaB365bzsLcnmYmHc=
-22,-30,JC1JM73x9/MXOoXweXfP4dzYJec=,5FVRTEoLOyHaB365bzsLcnmYmHc=
-23,-30,JC1JM73x9/MXOoXweXfP4dzYJec=,5FVRTEoLOyHaB365bzsLcnmYmHc=
-21,-30,JC1JM73x9/MXOoXweXfP4dzYJec=,5FVRTEoLOyHaB365bzsLcnmYmHc=
-20,-30,JC1JM73x9/MXOoXweXfP4dzYJec=,5FVRTEoLOyHaB365bzsLcnmYmHc=
-24,-31,JC1JM73x9/MXOoXweXfP4dzYJec=,5FVRTEoLOyHaB365bzsLcnmYmHc=
-26,-30,JC1JM73x9/MXOoXweXfP4dzYJec=,5FVRTEoLOyHaB365bzsLcnmYmHc=
-27,-31,3FpdY6+sqmbur3JJR/QHkFYmhuM=,5FVRTEoLOyHaB365bzsLcnmYmHc=
-26,-31,3FpdY6+sqmbur3JJR/QHkFYmhuM=,5FVRTEoLOyHaB365bzsLcnmYmHc=
-25,-31,3FpdY6+sqmbur3JJR/QHkFYmhuM=,5FVRTEoLOyHaB365bzsLcnmYmHc=
-26,-29,3FpdY6+sqmbur3JJR/QHkFYmhuM=,5FVRTEoLOyHaB365bzsLcnmYmHc=
-27,-28,3FpdY6+sqmbur3JJR/QHkFYmhuM=,5FVRTEoLOyHaB365bzsLcnmYmHc=
-27,-30,3FpdY6+sqmbur3JJR/QHkFYmhuM=,5FVRTEoLOyHaB365bzsLcnmYmHc=
-27,-29,3FpdY6+sqmbur3JJR/QHkFYmhuM=,5FVRTEoLOyHaB365bzsLcnmYmHc=
-27,-26,3FpdY6+sqmbur3JJR/QHkFYmhuM=,5FVRTEoLOyHaB365bzsLcnmYmHc=
-26,-27,3FpdY6+sqmbur3JJR/QHkFYmhuM=,5FVRTEoLOyHaB365bzsLcnmYmHc=
-26,-28,3FpdY6+sqmbur3JJR/QHkFYmhuM=,5FVRTEoLOyHaB365bzsLcnmYmHc=
-27,-27,3FpdY6+sqmbur3JJR/QHkFYmhuM=,5FVRTEoLOyHaB365bzsLcnmYmHc=
-25,-30,3FpdY6+sqmbur3JJR/QHkFYmhuM=,5FVRTEoLOyHaB365bzsLcnmYmHc=
-26,-26,3FpdY6+sqmbur3JJR/QHkFYmhuM=,5FVRTEoLOyHaB365bzsLcnmYmHc=
-27,-24,3FpdY6+sqmbur3JJR/QHkFYmhuM=,5FVRTEoLOyHaB365bzsLcnmYmHc=
-26,-24,3FpdY6+sqmbur3JJR/QHkFYmhuM=,5FVRTEoLOyHaB365bzsLcnmYmHc=
-25,-22,3FpdY6+sqmbur3JJR/QHkFYmhuM=,5FVRTEoLOyHaB365bzsLcnmYmHc=
-24,-22,3FpdY6+sqmbur3JJR/QHkFYmhuM=,5FVRTEoLOyHaB365bzsLcnmYmHc=
-27,-22,3FpdY6+sqmbur3JJR/QHkFYmhuM=,5FVRTEoLOyHaB365bzsLcnmYmHc=
-26,-22,3FpdY6+sqmbur3JJR/QHkFYmhuM=,5FVRTEoLOyHaB365bzsLcnmYmHc=
-25,-23,3FpdY6+sqmbur3JJR/QHkFYmhuM=,5FVRTEoLOyHaB365bzsLcnmYmHc=
-26,-23,3FpdY6+sqmbur3JJR/QHkFYmhuM=,5FVRTEoLOyHaB365bzsLcnmYmHc=
-26,-25,3FpdY6+sqmbur3JJR/QHkFYmhuM=,5FVRTEoLOyHaB365bzsLcnmYmHc=
-27,-25,3FpdY6+sqmbur3JJR/QHkFYmhuM=,5FVRTEoLOyHaB365bzsLcnmYmHc=
-27,-23,3FpdY6+sqmbur3JJR/QHkFYmhuM=,5FVRTEoLOyHaB365bzsLcnmYmHc=
-24,-30,3FpdY6+sqmbur3JJR/QHkFYmhuM=,5FVRTEoLOyHaB365bzsLcnmYmHc=
-24,-23,3FpdY6+sqmbur3JJR/QHkFYmhuM=,5FVRTEoLOyHaB365bzsLcnmYmHc=
-26,-20,3FpdY6+sqmbur3JJR/QHkFYmhuM=,OBPqOFkcY4uSd7T2S8JnjMkL9m4=
-27,-20,3FpdY6+sqmbur3JJR/QHkFYmhuM=,OBPqOFkcY4uSd7T2S8JnjMkL9m4=
-27,-21,3FpdY6+sqmbur3JJR/QHkFYmhuM=,5FVRTEoLOyHaB365bzsLcnmYmHc=
-26,-21,3FpdY6+sqmbur3JJR/QHkFYmhuM=,5FVRTEoLOyHaB365bzsLcnmYmHc=
-25,-20,3FpdY6+sqmbur3JJR/QHkFYmhuM=,OBPqOFkcY4uSd7T2S8JnjMkL9m4=
-24,-21,3FpdY6+sqmbur3JJR/QHkFYmhuM=,5FVRTEoLOyHaB365bzsLcnmYmHc=
-25,-21,3FpdY6+sqmbur3JJR/QHkFYmhuM=,5FVRTEoLOyHaB365bzsLcnmYmHc=
-23,-21,3FpdY6+sqmbur3JJR/QHkFYmhuM=,5FVRTEoLOyHaB365bzsLcnmYmHc=
-22,-21,3FpdY6+sqmbur3JJR/QHkFYmhuM=,5FVRTEoLOyHaB365bzsLcnmYmHc=
-17,-23,3FpdY6+sqmbur3JJR/QHkFYmhuM=,5FVRTEoLOyHaB365bzsLcnmYmHc=
-17,-22,3FpdY6+sqmbur3JJR/QHkFYmhuM=,5FVRTEoLOyHaB365bzsLcnmYmHc=
-17,-30,3FpdY6+sqmbur3JJR/QHkFYmhuM=,5FVRTEoLOyHaB365bzsLcnmYmHc=
-17,-31,3FpdY6+sqmbur3JJR/QHkFYmhuM=,5FVRTEoLOyHaB365bzsLcnmYmHc=
-17,-32,3FpdY6+sqmbur3JJR/QHkFYmhuM=,5FVRTEoLOyHaB365bzsLcnmYmHc=
-20,-21,3FpdY6+sqmbur3JJR/QHkFYmhuM=,5FVRTEoLOyHaB365bzsLcnmYmHc=
-19,-21,3FpdY6+sqmbur3JJR/QHkFYmhuM=,5FVRTEoLOyHaB365bzsLcnmYmHc=
-18,-21,3FpdY6+sqmbur3JJR/QHkFYmhuM=,5FVRTEoLOyHaB365bzsLcnmYmHc=
-21,-21,3FpdY6+sqmbur3JJR/QHkFYmhuM=,5FVRTEoLOyHaB365bzsLcnmYmHc=
-17,-21,3FpdY6+sqmbur3JJR/QHkFYmhuM=,5FVRTEoLOyHaB365bzsLcnmYmHc=
-23,-32,3FpdY6+sqmbur3JJR/QHkFYmhuM=,5FVRTEoLOyHaB365bzsLcnmYmHc=
-22,-32,3FpdY6+sqmbur3JJR/QHkFYmhuM=,5FVRTEoLOyHaB365bzsLcnmYmHc=
-21,-32,3FpdY6+sqmbur3JJR/QHkFYmhuM=,5FVRTEoLOyHaB365bzsLcnmYmHc=
-20,-32,3FpdY6+sqmbur3JJR/QHkFYmhuM=,5FVRTEoLOyHaB365bzsLcnmYmHc=
-24,-32,3FpdY6+sqmbur3JJR/QHkFYmhuM=,5FVRTEoLOyHaB365bzsLcnmYmHc=
-25,-32,3FpdY6+sqmbur3JJR/QHkFYmhuM=,5FVRTEoLOyHaB365bzsLcnmYmHc=
-26,-32,3FpdY6+sqmbur3JJR/QHkFYmhuM=,5FVRTEoLOyHaB365bzsLcnmYmHc=
-27,-32,3FpdY6+sqmbur3JJR/QHkFYmhuM=,5FVRTEoLOyHaB365bzsLcnmYmHc=
-28,-26,3FpdY6+sqmbur3JJR/QHkFYmhuM=,5FVRTEoLOyHaB365bzsLcnmYmHc=
-28,-27,3FpdY6+sqmbur3JJR/QHkFYmhuM=,5FVRTEoLOyHaB365bzsLcnmYmHc=
-28,-25,3FpdY6+sqmbur3JJR/QHkFYmhuM=,5FVRTEoLOyHaB365bzsLcnmYmHc=
-28,-22,3FpdY6+sqmbur3JJR/QHkFYmhuM=,5FVRTEoLOyHaB365bzsLcnmYmHc=
-28,-20,3FpdY6+sqmbur3JJR/QHkFYmhuM=,OBPqOFkcY4uSd7T2S8JnjMkL9m4=
-28,-21,3FpdY6+sqmbur3JJR/QHkFYmhuM=,5FVRTEoLOyHaB365bzsLcnmYmHc=
-28,-24,3FpdY6+sqmbur3JJR/QHkFYmhuM=,5FVRTEoLOyHaB365bzsLcnmYmHc=
-28,-23,3FpdY6+sqmbur3JJR/QHkFYmhuM=,5FVRTEoLOyHaB365bzsLcnmYmHc=
-28,-30,3FpdY6+sqmbur3JJR/QHkFYmhuM=,5FVRTEoLOyHaB365bzsLcnmYmHc=
-28,-28,3FpdY6+sqmbur3JJR/QHkFYmhuM=,5FVRTEoLOyHaB365bzsLcnmYmHc=
-28,-31,3FpdY6+sqmbur3JJR/QHkFYmhuM=,5FVRTEoLOyHaB365bzsLcnmYmHc=
-28,-32,3FpdY6+sqmbur3JJR/QHkFYmhuM=,5FVRTEoLOyHaB365bzsLcnmYmHc=
-28,-29,3FpdY6+sqmbur3JJR/QHkFYmhuM=,5FVRTEoLOyHaB365bzsLcnmYmHc=
-17,-29,3FpdY6+sqmbur3JJR/QHkFYmhuM=,5FVRTEoLOyHaB365bzsLcnmYmHc=
-19,-29,3FpdY6+sqmbur3JJR/QHkFYmhuM=,5FVRTEoLOyHaB365bzsLcnmYmHc=
-17,-28,3FpdY6+sqmbur3JJR/QHkFYmhuM=,5FVRTEoLOyHaB365bzsLcnmYmHc=
-18,-29,3FpdY6+sqmbur3JJR/QHkFYmhuM=,5FVRTEoLOyHaB365bzsLcnmYmHc=
-17,-27,3FpdY6+sqmbur3JJR/QHkFYmhuM=,5FVRTEoLOyHaB365bzsLcnmYmHc=
-18,-25,3FpdY6+sqmbur3JJR/QHkFYmhuM=,5FVRTEoLOyHaB365bzsLcnmYmHc=
-18,-24,3FpdY6+sqmbur3JJR/QHkFYmhuM=,5FVRTEoLOyHaB365bzsLcnmYmHc=
-19,-24,3FpdY6+sqmbur3JJR/QHkFYmhuM=,5FVRTEoLOyHaB365bzsLcnmYmHc=
-18,-27,3FpdY6+sqmbur3JJR/QHkFYmhuM=,5FVRTEoLOyHaB365bzsLcnmYmHc=
-17,-26,3FpdY6+sqmbur3JJR/QHkFYmhuM=,5FVRTEoLOyHaB365bzsLcnmYmHc=
-25,-24,3FpdY6+sqmbur3JJR/QHkFYmhuM=,5FVRTEoLOyHaB365bzsLcnmYmHc=
-19,-27,3FpdY6+sqmbur3JJR/QHkFYmhuM=,5FVRTEoLOyHaB365bzsLcnmYmHc=
-17,-25,3FpdY6+sqmbur3JJR/QHkFYmhuM=,5FVRTEoLOyHaB365bzsLcnmYmHc=
-25,-27,3FpdY6+sqmbur3JJR/QHkFYmhuM=,5FVRTEoLOyHaB365bzsLcnmYmHc=
-22,-26,3FpdY6+sqmbur3JJR/QHkFYmhuM=,5FVRTEoLOyHaB365bzsLcnmYmHc=
-24,-24,3FpdY6+sqmbur3JJR/QHkFYmhuM=,5FVRTEoLOyHaB365bzsLcnmYmHc=
-23,-24,3FpdY6+sqmbur3JJR/QHkFYmhuM=,5FVRTEoLOyHaB365bzsLcnmYmHc=
-22,-27,3FpdY6+sqmbur3JJR/QHkFYmhuM=,5FVRTEoLOyHaB365bzsLcnmYmHc=
-24,-26,3FpdY6+sqmbur3JJR/QHkFYmhuM=,5FVRTEoLOyHaB365bzsLcnmYmHc=
-25,-29,3FpdY6+sqmbur3JJR/QHkFYmhuM=,5FVRTEoLOyHaB365bzsLcnmYmHc=
-20,-26,3FpdY6+sqmbur3JJR/QHkFYmhuM=,5FVRTEoLOyHaB365bzsLcnmYmHc=
-17,-24,3FpdY6+sqmbur3JJR/QHkFYmhuM=,5FVRTEoLOyHaB365bzsLcnmYmHc=
-18,-28,3FpdY6+sqmbur3JJR/QHkFYmhuM=,5FVRTEoLOyHaB365bzsLcnmYmHc=
-19,-26,3FpdY6+sqmbur3JJR/QHkFYmhuM=,5FVRTEoLOyHaB365bzsLcnmYmHc=
-19,-28,3FpdY6+sqmbur3JJR/QHkFYmhuM=,5FVRTEoLOyHaB365bzsLcnmYmHc=
-23,-27,3FpdY6+sqmbur3JJR/QHkFYmhuM=,5FVRTEoLOyHaB365bzsLcnmYmHc=
-22,-24,3FpdY6+sqmbur3JJR/QHkFYmhuM=,5FVRTEoLOyHaB365bzsLcnmYmHc=
-25,-25,3FpdY6+sqmbur3JJR/QHkFYmhuM=,5FVRTEoLOyHaB365bzsLcnmYmHc=
-22,-25,3FpdY6+sqmbur3JJR/QHkFYmhuM=,5FVRTEoLOyHaB365bzsLcnmYmHc=
-18,-26,3FpdY6+sqmbur3JJR/QHkFYmhuM=,5FVRTEoLOyHaB365bzsLcnmYmHc=
-21,-24,3FpdY6+sqmbur3JJR/QHkFYmhuM=,5FVRTEoLOyHaB365bzsLcnmYmHc=
-24,-25,3FpdY6+sqmbur3JJR/QHkFYmhuM=,5FVRTEoLOyHaB365bzsLcnmYmHc=
-25,-26,3FpdY6+sqmbur3JJR/QHkFYmhuM=,5FVRTEoLOyHaB365bzsLcnmYmHc=
-23,-26,3FpdY6+sqmbur3JJR/QHkFYmhuM=,5FVRTEoLOyHaB365bzsLcnmYmHc=
-24,-27,3FpdY6+sqmbur3JJR/QHkFYmhuM=,5FVRTEoLOyHaB365bzsLcnmYmHc=
-23,-25,3FpdY6+sqmbur3JJR/QHkFYmhuM=,5FVRTEoLOyHaB365bzsLcnmYmHc=
-23,-28,3FpdY6+sqmbur3JJR/QHkFYmhuM=,5FVRTEoLOyHaB365bzsLcnmYmHc=
-20,-25,3FpdY6+sqmbur3JJR/QHkFYmhuM=,5FVRTEoLOyHaB365bzsLcnmYmHc=
-22,-28,3FpdY6+sqmbur3JJR/QHkFYmhuM=,5FVRTEoLOyHaB365bzsLcnmYmHc=
-19,-25,3FpdY6+sqmbur3JJR/QHkFYmhuM=,5FVRTEoLOyHaB365bzsLcnmYmHc=
-25,-28,3FpdY6+sqmbur3JJR/QHkFYmhuM=,5FVRTEoLOyHaB365bzsLcnmYmHc=
-20,-28,3FpdY6+sqmbur3JJR/QHkFYmhuM=,5FVRTEoLOyHaB365bzsLcnmYmHc=
-20,-24,3FpdY6+sqmbur3JJR/QHkFYmhuM=,5FVRTEoLOyHaB365bzsLcnmYmHc=
-24,-28,3FpdY6+sqmbur3JJR/QHkFYmhuM=,5FVRTEoLOyHaB365bzsLcnmYmHc=
-24,-29,3FpdY6+sqmbur3JJR/QHkFYmhuM=,5FVRTEoLOyHaB365bzsLcnmYmHc=
-21,-28,3FpdY6+sqmbur3JJR/QHkFYmhuM=,5FVRTEoLOyHaB365bzsLcnmYmHc=
-21,-27,3FpdY6+sqmbur3JJR/QHkFYmhuM=,5FVRTEoLOyHaB365bzsLcnmYmHc=
-22,-29,3FpdY6+sqmbur3JJR/QHkFYmhuM=,5FVRTEoLOyHaB365bzsLcnmYmHc=
-20,-27,3FpdY6+sqmbur3JJR/QHkFYmhuM=,5FVRTEoLOyHaB365bzsLcnmYmHc=
-21,-25,3FpdY6+sqmbur3JJR/QHkFYmhuM=,5FVRTEoLOyHaB365bzsLcnmYmHc=
-21,-26,3FpdY6+sqmbur3JJR/QHkFYmhuM=,5FVRTEoLOyHaB365bzsLcnmYmHc=
-23,-29,3FpdY6+sqmbur3JJR/QHkFYmhuM=,5FVRTEoLOyHaB365bzsLcnmYmHc=
-21,-29,3FpdY6+sqmbur3JJR/QHkFYmhuM=,5FVRTEoLOyHaB365bzsLcnmYmHc=
-20,-29,3FpdY6+sqmbur3JJR/QHkFYmhuM=,5FVRTEoLOyHaB365bzsLcnmYmHc=
