42,14,3o27UeTYuL4Feg9XI1i8DkW2ymA=,As8vmfzf/ZXlYuDxbYuyzyICzvw=
41,13,3o27UeTYuL4Feg9XI1i8DkW2ymA=,As8vmfzf/ZXlYuDxbYuyzyICzvw=
41,14,3o27UeTYuL4Feg9XI1i8DkW2ymA=,As8vmfzf/ZXlYuDxbYuyzyICzvw=
42,13,3o27UeTYuL4Feg9XI1i8DkW2ymA=,As8vmfzf/ZXlYuDxbYuyzyICzvw=
44,5,3o27UeTYuL4Feg9XI1i8DkW2ymA=,As8vmfzf/ZXlYuDxbYuyzyICzvw=
43,6,3o27UeTYuL4Feg9XI1i8DkW2ymA=,AyD6EUOyIAQqiz59z+kOtObvxyU=
44,6,3o27UeTYuL4Feg9XI1i8DkW2ymA=,As8vmfzf/ZXlYuDxbYuyzyICzvw=
42,5,3o27UeTYuL4Feg9XI1i8DkW2ymA=,AyD6EUOyIAQqiz59z+kOtObvxyU=
45,6,3o27UeTYuL4Feg9XI1i8DkW2ymA=,As8vmfzf/ZXlYuDxbYuyzyICzvw=
43,5,3o27UeTYuL4Feg9XI1i8DkW2ymA=,AyD6EUOyIAQqiz59z+kOtObvxyU=
41,5,3o27UeTYuL4Feg9XI1i8DkW2ymA=,AyD6EUOyIAQqiz59z+kOtObvxyU=
41,6,3o27UeTYuL4Feg9XI1i8DkW2ymA=,AyD6EUOyIAQqiz59z+kOtObvxyU=
46,5,3o27UeTYuL4Feg9XI1i8DkW2ymA=,As8vmfzf/ZXlYuDxbYuyzyICzvw=
45,5,3o27UeTYuL4Feg9XI1i8DkW2ymA=,As8vmfzf/ZXlYuDxbYuyzyICzvw=
46,6,3o27UeTYuL4Feg9XI1i8DkW2ymA=,As8vmfzf/ZXlYuDxbYuyzyICzvw=
42,6,3o27UeTYuL4Feg9XI1i8DkW2ymA=,AyD6EUOyIAQqiz59z+kOtObvxyU=
41,12,3o27UeTYuL4Feg9XI1i8DkW2ymA=,As8vmfzf/ZXlYuDxbYuyzyICzvw=
41,10,3o27UeTYuL4Feg9XI1i8DkW2ymA=,oRTZIvkHZNa+LpKuoFakc4RZymM=
42,11,3o27UeTYuL4Feg9XI1i8DkW2ymA=,oRTZIvkHZNa+LpKuoFakc4RZymM=
42,12,3o27UeTYuL4Feg9XI1i8DkW2ymA=,As8vmfzf/ZXlYuDxbYuyzyICzvw=
41,11,3o27UeTYuL4Feg9XI1i8DkW2ymA=,oRTZIvkHZNa+LpKuoFakc4RZymM=
42,7,3o27UeTYuL4Feg9XI1i8DkW2ymA=,AyD6EUOyIAQqiz59z+kOtObvxyU=
41,9,3o27UeTYuL4Feg9XI1i8DkW2ymA=,oRTZIvkHZNa+LpKuoFakc4RZymM=
41,8,3o27UeTYuL4Feg9XI1i8DkW2ymA=,oRTZIvkHZNa+LpKuoFakc4RZymM=
42,10,3o27UeTYuL4Feg9XI1i8DkW2ymA=,oRTZIvkHZNa+LpKuoFakc4RZymM=
42,9,3o27UeTYuL4Feg9XI1i8DkW2ymA=,oRTZIvkHZNa+LpKuoFakc4RZymM=
41,7,3o27UeTYuL4Feg9XI1i8DkW2ymA=,AyD6EUOyIAQqiz59z+kOtObvxyU=
42,8,3o27UeTYuL4Feg9XI1i8DkW2ymA=,oRTZIvkHZNa+LpKuoFakc4RZymM=
39,13,RjlKiI5n2AbqQTFPtoER7HciO5Q=,EPVKP/opmrerqP7wcpXvtSM1US8=
40,13,RjlKiI5n2AbqQTFPtoER7HciO5Q=,As8vmfzf/ZXlYuDxbYuyzyICzvw=
39,14,RjlKiI5n2AbqQTFPtoER7HciO5Q=,EPVKP/opmrerqP7wcpXvtSM1US8=
38,14,RjlKiI5n2AbqQTFPtoER7HciO5Q=,EPVKP/opmrerqP7wcpXvtSM1US8=
40,14,RjlKiI5n2AbqQTFPtoER7HciO5Q=,As8vmfzf/ZXlYuDxbYuyzyICzvw=
37,14,RjlKiI5n2AbqQTFPtoER7HciO5Q=,EPVKP/opmrerqP7wcpXvtSM1US8=
37,13,RjlKiI5n2AbqQTFPtoER7HciO5Q=,EPVKP/opmrerqP7wcpXvtSM1US8=
38,13,RjlKiI5n2AbqQTFPtoER7HciO5Q=,EPVKP/opmrerqP7wcpXvtSM1US8=
40,9,RjlKiI5n2AbqQTFPtoER7HciO5Q=,oRTZIvkHZNa+LpKuoFakc4RZymM=
40,12,RjlKiI5n2AbqQTFPtoER7HciO5Q=,As8vmfzf/ZXlYuDxbYuyzyICzvw=
38,9,RjlKiI5n2AbqQTFPtoER7HciO5Q=,rO4Yf6PkUlFK6RFaWGmrcWJlPIk=
39,9,RjlKiI5n2AbqQTFPtoER7HciO5Q=,rO4Yf6PkUlFK6RFaWGmrcWJlPIk=
38,11,RjlKiI5n2AbqQTFPtoER7HciO5Q=,rO4Yf6PkUlFK6RFaWGmrcWJlPIk=
37,11,RjlKiI5n2AbqQTFPtoER7HciO5Q=,rO4Yf6PkUlFK6RFaWGmrcWJlPIk=
37,9,RjlKiI5n2AbqQTFPtoER7HciO5Q=,rO4Yf6PkUlFK6RFaWGmrcWJlPIk=
40,10,RjlKiI5n2AbqQTFPtoER7HciO5Q=,oRTZIvkHZNa+LpKuoFakc4RZymM=
39,11,RjlKiI5n2AbqQTFPtoER7HciO5Q=,rO4Yf6PkUlFK6RFaWGmrcWJlPIk=
40,11,6KeJsBCgJdGWI5yKTEmNzEJzr3w=,oRTZIvkHZNa+LpKuoFakc4RZymM=
38,12,6KeJsBCgJdGWI5yKTEmNzEJzr3w=,EPVKP/opmrerqP7wcpXvtSM1US8=
37,10,6KeJsBCgJdGWI5yKTEmNzEJzr3w=,rO4Yf6PkUlFK6RFaWGmrcWJlPIk=
39,12,6KeJsBCgJdGWI5yKTEmNzEJzr3w=,EPVKP/opmrerqP7wcpXvtSM1US8=
37,12,6KeJsBCgJdGWI5yKTEmNzEJzr3w=,EPVKP/opmrerqP7wcpXvtSM1US8=
38,10,6KeJsBCgJdGWI5yKTEmNzEJzr3w=,rO4Yf6PkUlFK6RFaWGmrcWJlPIk=
39,10,6KeJsBCgJdGWI5yKTEmNzEJzr3w=,rO4Yf6PkUlFK6RFaWGmrcWJlPIk=
46,9,6KeJsBCgJdGWI5yKTEmNzEJzr3w=,As8vmfzf/ZXlYuDxbYuyzyICzvw=
45,8,6KeJsBCgJdGWI5yKTEmNzEJzr3w=,As8vmfzf/ZXlYuDxbYuyzyICzvw=
46,10,6KeJsBCgJdGWI5yKTEmNzEJzr3w=,As8vmfzf/ZXlYuDxbYuyzyICzvw=
44,8,6KeJsBCgJdGWI5yKTEmNzEJzr3w=,As8vmfzf/ZXlYuDxbYuyzyICzvw=
43,7,6KeJsBCgJdGWI5yKTEmNzEJzr3w=,AyD6EUOyIAQqiz59z+kOtObvxyU=
44,10,6KeJsBCgJdGWI5yKTEmNzEJzr3w=,As8vmfzf/ZXlYuDxbYuyzyICzvw=
43,8,6KeJsBCgJdGWI5yKTEmNzEJzr3w=,oRTZIvkHZNa+LpKuoFakc4RZymM=
43,9,6KeJsBCgJdGWI5yKTEmNzEJzr3w=,oRTZIvkHZNa+LpKuoFakc4RZymM=
46,8,6KeJsBCgJdGWI5yKTEmNzEJzr3w=,As8vmfzf/ZXlYuDxbYuyzyICzvw=
45,10,6KeJsBCgJdGWI5yKTEmNzEJzr3w=,As8vmfzf/ZXlYuDxbYuyzyICzvw=
44,7,6KeJsBCgJdGWI5yKTEmNzEJzr3w=,As8vmfzf/ZXlYuDxbYuyzyICzvw=
45,7,6KeJsBCgJdGWI5yKTEmNzEJzr3w=,As8vmfzf/ZXlYuDxbYuyzyICzvw=
46,7,6KeJsBCgJdGWI5yKTEmNzEJzr3w=,As8vmfzf/ZXlYuDxbYuyzyICzvw=
35,9,6KeJsBCgJdGWI5yKTEmNzEJzr3w=,S4HCUypbMcUX7h89BhuZh/Nbx4Q=
36,10,6KeJsBCgJdGWI5yKTEmNzEJzr3w=,rO4Yf6PkUlFK6RFaWGmrcWJlPIk=
35,10,6KeJsBCgJdGWI5yKTEmNzEJzr3w=,S4HCUypbMcUX7h89BhuZh/Nbx4Q=
34,9,6KeJsBCgJdGWI5yKTEmNzEJzr3w=,S4HCUypbMcUX7h89BhuZh/Nbx4Q=
34,10,6KeJsBCgJdGWI5yKTEmNzEJzr3w=,S4HCUypbMcUX7h89BhuZh/Nbx4Q=
33,10,6KeJsBCgJdGWI5yKTEmNzEJzr3w=,S4HCUypbMcUX7h89BhuZh/Nbx4Q=
45,9,6KeJsBCgJdGWI5yKTEmNzEJzr3w=,As8vmfzf/ZXlYuDxbYuyzyICzvw=
43,10,6KeJsBCgJdGWI5yKTEmNzEJzr3w=,oRTZIvkHZNa+LpKuoFakc4RZymM=
44,9,6KeJsBCgJdGWI5yKTEmNzEJzr3w=,As8vmfzf/ZXlYuDxbYuyzyICzvw=
33,9,6KeJsBCgJdGWI5yKTEmNzEJzr3w=,S4HCUypbMcUX7h89BhuZh/Nbx4Q=
36,9,6KeJsBCgJdGWI5yKTEmNzEJzr3w=,rO4Yf6PkUlFK6RFaWGmrcWJlPIk=
33,12,cS00XIACH8MbKKafbDCCTVbPFJI=,A77JLGmFSexs2xKgdHQL9xEVVu8=
33,14,ljUhOHR005w5mcc0/IO4llxQWr8=,A77JLGmFSexs2xKgdHQL9xEVVu8=
34,11,ljUhOHR005w5mcc0/IO4llxQWr8=,S4HCUypbMcUX7h89BhuZh/Nbx4Q=
34,14,ljUhOHR005w5mcc0/IO4llxQWr8=,A77JLGmFSexs2xKgdHQL9xEVVu8=
35,11,ljUhOHR005w5mcc0/IO4llxQWr8=,S4HCUypbMcUX7h89BhuZh/Nbx4Q=
35,14,ljUhOHR005w5mcc0/IO4llxQWr8=,A77JLGmFSexs2xKgdHQL9xEVVu8=
36,13,ljUhOHR005w5mcc0/IO4llxQWr8=,EPVKP/opmrerqP7wcpXvtSM1US8=
35,12,ljUhOHR005w5mcc0/IO4llxQWr8=,A77JLGmFSexs2xKgdHQL9xEVVu8=
36,12,ljUhOHR005w5mcc0/IO4llxQWr8=,EPVKP/opmrerqP7wcpXvtSM1US8=
33,11,ljUhOHR005w5mcc0/IO4llxQWr8=,S4HCUypbMcUX7h89BhuZh/Nbx4Q=
34,13,ljUhOHR005w5mcc0/IO4llxQWr8=,A77JLGmFSexs2xKgdHQL9xEVVu8=
33,13,ljUhOHR005w5mcc0/IO4llxQWr8=,A77JLGmFSexs2xKgdHQL9xEVVu8=
35,13,ljUhOHR005w5mcc0/IO4llxQWr8=,A77JLGmFSexs2xKgdHQL9xEVVu8=
36,11,ljUhOHR005w5mcc0/IO4llxQWr8=,rO4Yf6PkUlFK6RFaWGmrcWJlPIk=
34,12,ljUhOHR005w5mcc0/IO4llxQWr8=,A77JLGmFSexs2xKgdHQL9xEVVu8=
36,14,ljUhOHR005w5mcc0/IO4llxQWr8=,EPVKP/opmrerqP7wcpXvtSM1US8=
46,12,ljUhOHR005w5mcc0/IO4llxQWr8=,As8vmfzf/ZXlYuDxbYuyzyICzvw=
46,11,ljUhOHR005w5mcc0/IO4llxQWr8=,As8vmfzf/ZXlYuDxbYuyzyICzvw=
44,12,ljUhOHR005w5mcc0/IO4llxQWr8=,As8vmfzf/ZXlYuDxbYuyzyICzvw=
43,11,ljUhOHR005w5mcc0/IO4llxQWr8=,oRTZIvkHZNa+LpKuoFakc4RZymM=
45,11,ljUhOHR005w5mcc0/IO4llxQWr8=,As8vmfzf/ZXlYuDxbYuyzyICzvw=
43,12,ljUhOHR005w5mcc0/IO4llxQWr8=,As8vmfzf/ZXlYuDxbYuyzyICzvw=
43,13,ljUhOHR005w5mcc0/IO4llxQWr8=,As8vmfzf/ZXlYuDxbYuyzyICzvw=
45,12,ljUhOHR005w5mcc0/IO4llxQWr8=,As8vmfzf/ZXlYuDxbYuyzyICzvw=
43,14,ljUhOHR005w5mcc0/IO4llxQWr8=,As8vmfzf/ZXlYuDxbYuyzyICzvw=
44,14,ljUhOHR005w5mcc0/IO4llxQWr8=,As8vmfzf/ZXlYuDxbYuyzyICzvw=
46,14,ljUhOHR005w5mcc0/IO4llxQWr8=,As8vmfzf/ZXlYuDxbYuyzyICzvw=
45,13,ljUhOHR005w5mcc0/IO4llxQWr8=,As8vmfzf/ZXlYuDxbYuyzyICzvw=
46,13,ljUhOHR005w5mcc0/IO4llxQWr8=,As8vmfzf/ZXlYuDxbYuyzyICzvw=
44,11,ljUhOHR005w5mcc0/IO4llxQWr8=,As8vmfzf/ZXlYuDxbYuyzyICzvw=
44,13,ljUhOHR005w5mcc0/IO4llxQWr8=,As8vmfzf/ZXlYuDxbYuyzyICzvw=
45,14,ljUhOHR005w5mcc0/IO4llxQWr8=,As8vmfzf/ZXlYuDxbYuyzyICzvw=
38,7,ljUhOHR005w5mcc0/IO4llxQWr8=,I5uK/JwsAipDqxjn4XeEEiTNeCI=
37,8,ljUhOHR005w5mcc0/IO4llxQWr8=,rO4Yf6PkUlFK6RFaWGmrcWJlPIk=
40,5,ljUhOHR005w5mcc0/IO4llxQWr8=,AyD6EUOyIAQqiz59z+kOtObvxyU=
39,5,ljUhOHR005w5mcc0/IO4llxQWr8=,I5uK/JwsAipDqxjn4XeEEiTNeCI=
37,6,ljUhOHR005w5mcc0/IO4llxQWr8=,I5uK/JwsAipDqxjn4XeEEiTNeCI=
38,6,ljUhOHR005w5mcc0/IO4llxQWr8=,I5uK/JwsAipDqxjn4XeEEiTNeCI=
38,5,ljUhOHR005w5mcc0/IO4llxQWr8=,I5uK/JwsAipDqxjn4XeEEiTNeCI=
37,5,ljUhOHR005w5mcc0/IO4llxQWr8=,I5uK/JwsAipDqxjn4XeEEiTNeCI=
39,6,ljUhOHR005w5mcc0/IO4llxQWr8=,I5uK/JwsAipDqxjn4XeEEiTNeCI=
40,8,ljUhOHR005w5mcc0/IO4llxQWr8=,oRTZIvkHZNa+LpKuoFakc4RZymM=
40,6,ljUhOHR005w5mcc0/IO4llxQWr8=,AyD6EUOyIAQqiz59z+kOtObvxyU=
39,7,ljUhOHR005w5mcc0/IO4llxQWr8=,I5uK/JwsAipDqxjn4XeEEiTNeCI=
37,7,ljUhOHR005w5mcc0/IO4llxQWr8=,I5uK/JwsAipDqxjn4XeEEiTNeCI=
39,8,ljUhOHR005w5mcc0/IO4llxQWr8=,rO4Yf6PkUlFK6RFaWGmrcWJlPIk=
38,8,ljUhOHR005w5mcc0/IO4llxQWr8=,rO4Yf6PkUlFK6RFaWGmrcWJlPIk=
40,7,ljUhOHR005w5mcc0/IO4llxQWr8=,AyD6EUOyIAQqiz59z+kOtObvxyU=
33,5,ljUhOHR005w5mcc0/IO4llxQWr8=,HvTl8y8+XA+caMiKVVI5gJ6HFpc=
35,5,ljUhOHR005w5mcc0/IO4llxQWr8=,HvTl8y8+XA+caMiKVVI5gJ6HFpc=
34,5,ljUhOHR005w5mcc0/IO4llxQWr8=,HvTl8y8+XA+caMiKVVI5gJ6HFpc=
35,6,ljUhOHR005w5mcc0/IO4llxQWr8=,HvTl8y8+XA+caMiKVVI5gJ6HFpc=
36,6,ljUhOHR005w5mcc0/IO4llxQWr8=,I5uK/JwsAipDqxjn4XeEEiTNeCI=
36,5,ljUhOHR005w5mcc0/IO4llxQWr8=,I5uK/JwsAipDqxjn4XeEEiTNeCI=
36,8,ljUhOHR005w5mcc0/IO4llxQWr8=,rO4Yf6PkUlFK6RFaWGmrcWJlPIk=
35,7,ljUhOHR005w5mcc0/IO4llxQWr8=,HvTl8y8+XA+caMiKVVI5gJ6HFpc=
34,6,ljUhOHR005w5mcc0/IO4llxQWr8=,HvTl8y8+XA+caMiKVVI5gJ6HFpc=
36,7,ljUhOHR005w5mcc0/IO4llxQWr8=,I5uK/JwsAipDqxjn4XeEEiTNeCI=
35,8,ljUhOHR005w5mcc0/IO4llxQWr8=,S4HCUypbMcUX7h89BhuZh/Nbx4Q=
33,6,ljUhOHR005w5mcc0/IO4llxQWr8=,HvTl8y8+XA+caMiKVVI5gJ6HFpc=
34,8,ljUhOHR005w5mcc0/IO4llxQWr8=,S4HCUypbMcUX7h89BhuZh/Nbx4Q=
34,7,ljUhOHR005w5mcc0/IO4llxQWr8=,HvTl8y8+XA+caMiKVVI5gJ6HFpc=
33,7,ljUhOHR005w5mcc0/IO4llxQWr8=,HvTl8y8+XA+caMiKVVI5gJ6HFpc=
33,8,ljUhOHR005w5mcc0/IO4llxQWr8=,S4HCUypbMcUX7h89BhuZh/Nbx4Q=
37,2,wYSl+MKcRJkZymzDrp7L0fSQFDs=,SL04batl+DKLFdaSC4dnlzmHFQM=
37,3,wYSl+MKcRJkZymzDrp7L0fSQFDs=,SL04batl+DKLFdaSC4dnlzmHFQM=
38,3,wYSl+MKcRJkZymzDrp7L0fSQFDs=,SL04batl+DKLFdaSC4dnlzmHFQM=
38,1,wYSl+MKcRJkZymzDrp7L0fSQFDs=,SL04batl+DKLFdaSC4dnlzmHFQM=
38,2,wYSl+MKcRJkZymzDrp7L0fSQFDs=,SL04batl+DKLFdaSC4dnlzmHFQM=
38,4,wYSl+MKcRJkZymzDrp7L0fSQFDs=,I5uK/JwsAipDqxjn4XeEEiTNeCI=
37,4,wYSl+MKcRJkZymzDrp7L0fSQFDs=,I5uK/JwsAipDqxjn4XeEEiTNeCI=
37,1,wYSl+MKcRJkZymzDrp7L0fSQFDs=,SL04batl+DKLFdaSC4dnlzmHFQM=
38,0,wYSl+MKcRJkZymzDrp7L0fSQFDs=,SL04batl+DKLFdaSC4dnlzmHFQM=
37,0,wYSl+MKcRJkZymzDrp7L0fSQFDs=,SL04batl+DKLFdaSC4dnlzmHFQM=
36,2,wYSl+MKcRJkZymzDrp7L0fSQFDs=,SL04batl+DKLFdaSC4dnlzmHFQM=
35,0,wYSl+MKcRJkZymzDrp7L0fSQFDs=,+Vnw9y6nAfsQcg1nlr2deFKLkpI=
35,4,wYSl+MKcRJkZymzDrp7L0fSQFDs=,HvTl8y8+XA+caMiKVVI5gJ6HFpc=
36,3,wYSl+MKcRJkZymzDrp7L0fSQFDs=,SL04batl+DKLFdaSC4dnlzmHFQM=
34,2,wYSl+MKcRJkZymzDrp7L0fSQFDs=,+Vnw9y6nAfsQcg1nlr2deFKLkpI=
33,4,wYSl+MKcRJkZymzDrp7L0fSQFDs=,HvTl8y8+XA+caMiKVVI5gJ6HFpc=
36,4,39Rr6mwR24T9hjEfYy7FL2Fe+nA=,I5uK/JwsAipDqxjn4XeEEiTNeCI=
34,0,39Rr6mwR24T9hjEfYy7FL2Fe+nA=,+Vnw9y6nAfsQcg1nlr2deFKLkpI=
35,1,39Rr6mwR24T9hjEfYy7FL2Fe+nA=,+Vnw9y6nAfsQcg1nlr2deFKLkpI=
34,4,39Rr6mwR24T9hjEfYy7FL2Fe+nA=,HvTl8y8+XA+caMiKVVI5gJ6HFpc=
35,3,39Rr6mwR24T9hjEfYy7FL2Fe+nA=,+Vnw9y6nAfsQcg1nlr2deFKLkpI=
36,0,39Rr6mwR24T9hjEfYy7FL2Fe+nA=,SL04batl+DKLFdaSC4dnlzmHFQM=
36,1,39Rr6mwR24T9hjEfYy7FL2Fe+nA=,SL04batl+DKLFdaSC4dnlzmHFQM=
34,1,39Rr6mwR24T9hjEfYy7FL2Fe+nA=,+Vnw9y6nAfsQcg1nlr2deFKLkpI=
33,2,39Rr6mwR24T9hjEfYy7FL2Fe+nA=,+Vnw9y6nAfsQcg1nlr2deFKLkpI=
35,2,39Rr6mwR24T9hjEfYy7FL2Fe+nA=,+Vnw9y6nAfsQcg1nlr2deFKLkpI=
34,3,39Rr6mwR24T9hjEfYy7FL2Fe+nA=,+Vnw9y6nAfsQcg1nlr2deFKLkpI=
33,1,39Rr6mwR24T9hjEfYy7FL2Fe+nA=,+Vnw9y6nAfsQcg1nlr2deFKLkpI=
47,6,39Rr6mwR24T9hjEfYy7FL2Fe+nA=,As8vmfzf/ZXlYuDxbYuyzyICzvw=
33,3,39Rr6mwR24T9hjEfYy7FL2Fe+nA=,+Vnw9y6nAfsQcg1nlr2deFKLkpI=
32,1,39Rr6mwR24T9hjEfYy7FL2Fe+nA=,+Vnw9y6nAfsQcg1nlr2deFKLkpI=
32,2,39Rr6mwR24T9hjEfYy7FL2Fe+nA=,+Vnw9y6nAfsQcg1nlr2deFKLkpI=
47,5,39Rr6mwR24T9hjEfYy7FL2Fe+nA=,As8vmfzf/ZXlYuDxbYuyzyICzvw=
42,0,39Rr6mwR24T9hjEfYy7FL2Fe+nA=,yzcrJcyI1hRKwG4/h3ENfIoNnlc=
33,0,39Rr6mwR24T9hjEfYy7FL2Fe+nA=,+Vnw9y6nAfsQcg1nlr2deFKLkpI=
41,2,39Rr6mwR24T9hjEfYy7FL2Fe+nA=,yzcrJcyI1hRKwG4/h3ENfIoNnlc=
40,2,39Rr6mwR24T9hjEfYy7FL2Fe+nA=,yzcrJcyI1hRKwG4/h3ENfIoNnlc=
41,0,39Rr6mwR24T9hjEfYy7FL2Fe+nA=,yzcrJcyI1hRKwG4/h3ENfIoNnlc=
39,3,39Rr6mwR24T9hjEfYy7FL2Fe+nA=,SL04batl+DKLFdaSC4dnlzmHFQM=
40,0,39Rr6mwR24T9hjEfYy7FL2Fe+nA=,yzcrJcyI1hRKwG4/h3ENfIoNnlc=
39,1,39Rr6mwR24T9hjEfYy7FL2Fe+nA=,SL04batl+DKLFdaSC4dnlzmHFQM=
40,1,39Rr6mwR24T9hjEfYy7FL2Fe+nA=,yzcrJcyI1hRKwG4/h3ENfIoNnlc=
41,4,39Rr6mwR24T9hjEfYy7FL2Fe+nA=,AyD6EUOyIAQqiz59z+kOtObvxyU=
40,4,39Rr6mwR24T9hjEfYy7FL2Fe+nA=,AyD6EUOyIAQqiz59z+kOtObvxyU=
40,3,39Rr6mwR24T9hjEfYy7FL2Fe+nA=,yzcrJcyI1hRKwG4/h3ENfIoNnlc=
39,2,39Rr6mwR24T9hjEfYy7FL2Fe+nA=,SL04batl+DKLFdaSC4dnlzmHFQM=
39,0,39Rr6mwR24T9hjEfYy7FL2Fe+nA=,SL04batl+DKLFdaSC4dnlzmHFQM=
42,2,39Rr6mwR24T9hjEfYy7FL2Fe+nA=,yzcrJcyI1hRKwG4/h3ENfIoNnlc=
46,2,39Rr6mwR24T9hjEfYy7FL2Fe+nA=,yzcrJcyI1hRKwG4/h3ENfIoNnlc=
42,1,39Rr6mwR24T9hjEfYy7FL2Fe+nA=,yzcrJcyI1hRKwG4/h3ENfIoNnlc=
42,4,39Rr6mwR24T9hjEfYy7FL2Fe+nA=,AyD6EUOyIAQqiz59z+kOtObvxyU=
43,0,39Rr6mwR24T9hjEfYy7FL2Fe+nA=,yzcrJcyI1hRKwG4/h3ENfIoNnlc=
45,2,39Rr6mwR24T9hjEfYy7FL2Fe+nA=,yzcrJcyI1hRKwG4/h3ENfIoNnlc=
47,2,39Rr6mwR24T9hjEfYy7FL2Fe+nA=,yzcrJcyI1hRKwG4/h3ENfIoNnlc=
41,3,39Rr6mwR24T9hjEfYy7FL2Fe+nA=,yzcrJcyI1hRKwG4/h3ENfIoNnlc=
39,4,39Rr6mwR24T9hjEfYy7FL2Fe+nA=,I5uK/JwsAipDqxjn4XeEEiTNeCI=
44,2,39Rr6mwR24T9hjEfYy7FL2Fe+nA=,yzcrJcyI1hRKwG4/h3ENfIoNnlc=
41,1,39Rr6mwR24T9hjEfYy7FL2Fe+nA=,yzcrJcyI1hRKwG4/h3ENfIoNnlc=
47,4,39Rr6mwR24T9hjEfYy7FL2Fe+nA=,As8vmfzf/ZXlYuDxbYuyzyICzvw=
47,3,39Rr6mwR24T9hjEfYy7FL2Fe+nA=,yzcrJcyI1hRKwG4/h3ENfIoNnlc=
44,1,39Rr6mwR24T9hjEfYy7FL2Fe+nA=,yzcrJcyI1hRKwG4/h3ENfIoNnlc=
46,0,39Rr6mwR24T9hjEfYy7FL2Fe+nA=,yzcrJcyI1hRKwG4/h3ENfIoNnlc=
46,3,39Rr6mwR24T9hjEfYy7FL2Fe+nA=,yzcrJcyI1hRKwG4/h3ENfIoNnlc=
43,1,39Rr6mwR24T9hjEfYy7FL2Fe+nA=,yzcrJcyI1hRKwG4/h3ENfIoNnlc=
45,0,39Rr6mwR24T9hjEfYy7FL2Fe+nA=,yzcrJcyI1hRKwG4/h3ENfIoNnlc=
44,0,39Rr6mwR24T9hjEfYy7FL2Fe+nA=,yzcrJcyI1hRKwG4/h3ENfIoNnlc=
45,4,39Rr6mwR24T9hjEfYy7FL2Fe+nA=,As8vmfzf/ZXlYuDxbYuyzyICzvw=
45,3,39Rr6mwR24T9hjEfYy7FL2Fe+nA=,yzcrJcyI1hRKwG4/h3ENfIoNnlc=
42,3,39Rr6mwR24T9hjEfYy7FL2Fe+nA=,yzcrJcyI1hRKwG4/h3ENfIoNnlc=
47,1,39Rr6mwR24T9hjEfYy7FL2Fe+nA=,yzcrJcyI1hRKwG4/h3ENfIoNnlc=
43,4,39Rr6mwR24T9hjEfYy7FL2Fe+nA=,AyD6EUOyIAQqiz59z+kOtObvxyU=
43,3,39Rr6mwR24T9hjEfYy7FL2Fe+nA=,yzcrJcyI1hRKwG4/h3ENfIoNnlc=
44,4,39Rr6mwR24T9hjEfYy7FL2Fe+nA=,As8vmfzf/ZXlYuDxbYuyzyICzvw=
46,1,39Rr6mwR24T9hjEfYy7FL2Fe+nA=,yzcrJcyI1hRKwG4/h3ENfIoNnlc=
46,4,39Rr6mwR24T9hjEfYy7FL2Fe+nA=,As8vmfzf/ZXlYuDxbYuyzyICzvw=
45,1,39Rr6mwR24T9hjEfYy7FL2Fe+nA=,yzcrJcyI1hRKwG4/h3ENfIoNnlc=
47,7,39Rr6mwR24T9hjEfYy7FL2Fe+nA=,As8vmfzf/ZXlYuDxbYuyzyICzvw=
47,10,39Rr6mwR24T9hjEfYy7FL2Fe+nA=,As8vmfzf/ZXlYuDxbYuyzyICzvw=
47,12,39Rr6mwR24T9hjEfYy7FL2Fe+nA=,As8vmfzf/ZXlYuDxbYuyzyICzvw=
47,9,39Rr6mwR24T9hjEfYy7FL2Fe+nA=,As8vmfzf/ZXlYuDxbYuyzyICzvw=
47,13,39Rr6mwR24T9hjEfYy7FL2Fe+nA=,As8vmfzf/ZXlYuDxbYuyzyICzvw=
47,11,39Rr6mwR24T9hjEfYy7FL2Fe+nA=,As8vmfzf/ZXlYuDxbYuyzyICzvw=
44,3,39Rr6mwR24T9hjEfYy7FL2Fe+nA=,yzcrJcyI1hRKwG4/h3ENfIoNnlc=
47,14,39Rr6mwR24T9hjEfYy7FL2Fe+nA=,As8vmfzf/ZXlYuDxbYuyzyICzvw=
47,8,39Rr6mwR24T9hjEfYy7FL2Fe+nA=,As8vmfzf/ZXlYuDxbYuyzyICzvw=
43,2,39Rr6mwR24T9hjEfYy7FL2Fe+nA=,yzcrJcyI1hRKwG4/h3ENfIoNnlc=
45,15,39Rr6mwR24T9hjEfYy7FL2Fe+nA=,As8vmfzf/ZXlYuDxbYuyzyICzvw=
46,15,39Rr6mwR24T9hjEfYy7FL2Fe+nA=,As8vmfzf/ZXlYuDxbYuyzyICzvw=
36,15,39Rr6mwR24T9hjEfYy7FL2Fe+nA=,EPVKP/opmrerqP7wcpXvtSM1US8=
35,15,39Rr6mwR24T9hjEfYy7FL2Fe+nA=,A77JLGmFSexs2xKgdHQL9xEVVu8=
44,15,39Rr6mwR24T9hjEfYy7FL2Fe+nA=,As8vmfzf/ZXlYuDxbYuyzyICzvw=
33,15,39Rr6mwR24T9hjEfYy7FL2Fe+nA=,A77JLGmFSexs2xKgdHQL9xEVVu8=
37,15,39Rr6mwR24T9hjEfYy7FL2Fe+nA=,EPVKP/opmrerqP7wcpXvtSM1US8=
41,15,39Rr6mwR24T9hjEfYy7FL2Fe+nA=,As8vmfzf/ZXlYuDxbYuyzyICzvw=
42,15,39Rr6mwR24T9hjEfYy7FL2Fe+nA=,As8vmfzf/ZXlYuDxbYuyzyICzvw=
34,15,39Rr6mwR24T9hjEfYy7FL2Fe+nA=,A77JLGmFSexs2xKgdHQL9xEVVu8=
39,15,39Rr6mwR24T9hjEfYy7FL2Fe+nA=,EPVKP/opmrerqP7wcpXvtSM1US8=
38,15,39Rr6mwR24T9hjEfYy7FL2Fe+nA=,EPVKP/opmrerqP7wcpXvtSM1US8=
40,15,39Rr6mwR24T9hjEfYy7FL2Fe+nA=,As8vmfzf/ZXlYuDxbYuyzyICzvw=
43,15,39Rr6mwR24T9hjEfYy7FL2Fe+nA=,As8vmfzf/ZXlYuDxbYuyzyICzvw=
47,15,39Rr6mwR24T9hjEfYy7FL2Fe+nA=,As8vmfzf/ZXlYuDxbYuyzyICzvw=
32,14,39Rr6mwR24T9hjEfYy7FL2Fe+nA=,A77JLGmFSexs2xKgdHQL9xEVVu8=
47,0,39Rr6mwR24T9hjEfYy7FL2Fe+nA=,yzcrJcyI1hRKwG4/h3ENfIoNnlc=
32,11,39Rr6mwR24T9hjEfYy7FL2Fe+nA=,S4HCUypbMcUX7h89BhuZh/Nbx4Q=
32,15,39Rr6mwR24T9hjEfYy7FL2Fe+nA=,A77JLGmFSexs2xKgdHQL9xEVVu8=
32,13,39Rr6mwR24T9hjEfYy7FL2Fe+nA=,A77JLGmFSexs2xKgdHQL9xEVVu8=
32,3,39Rr6mwR24T9hjEfYy7FL2Fe+nA=,+Vnw9y6nAfsQcg1nlr2deFKLkpI=
32,9,39Rr6mwR24T9hjEfYy7FL2Fe+nA=,S4HCUypbMcUX7h89BhuZh/Nbx4Q=
32,4,39Rr6mwR24T9hjEfYy7FL2Fe+nA=,HvTl8y8+XA+caMiKVVI5gJ6HFpc=
32,5,39Rr6mwR24T9hjEfYy7FL2Fe+nA=,HvTl8y8+XA+caMiKVVI5gJ6HFpc=
32,10,39Rr6mwR24T9hjEfYy7FL2Fe+nA=,S4HCUypbMcUX7h89BhuZh/Nbx4Q=
32,6,39Rr6mwR24T9hjEfYy7FL2Fe+nA=,HvTl8y8+XA+caMiKVVI5gJ6HFpc=
32,7,39Rr6mwR24T9hjEfYy7FL2Fe+nA=,HvTl8y8+XA+caMiKVVI5gJ6HFpc=
32,12,39Rr6mwR24T9hjEfYy7FL2Fe+nA=,A77JLGmFSexs2xKgdHQL9xEVVu8=
32,0,39Rr6mwR24T9hjEfYy7FL2Fe+nA=,+Vnw9y6nAfsQcg1nlr2deFKLkpI=
32,8,39Rr6mwR24T9hjEfYy7FL2Fe+nA=,S4HCUypbMcUX7h89BhuZh/Nbx4Q=
33,22,BGxrTHUZZDdRvjho0W17GBpWOr0=,As8vmfzf/ZXlYuDxbYuyzyICzvw=
33,21,BGxrTHUZZDdRvjho0W17GBpWOr0=,As8vmfzf/ZXlYuDxbYuyzyICzvw=
34,22,BGxrTHUZZDdRvjho0W17GBpWOr0=,As8vmfzf/ZXlYuDxbYuyzyICzvw=
34,21,BGxrTHUZZDdRvjho0W17GBpWOr0=,As8vmfzf/ZXlYuDxbYuyzyICzvw=
37,25,BGxrTHUZZDdRvjho0W17GBpWOr0=,As8vmfzf/ZXlYuDxbYuyzyICzvw=
38,26,BGxrTHUZZDdRvjho0W17GBpWOr0=,As8vmfzf/ZXlYuDxbYuyzyICzvw=
37,26,BGxrTHUZZDdRvjho0W17GBpWOr0=,As8vmfzf/ZXlYuDxbYuyzyICzvw=
38,25,BGxrTHUZZDdRvjho0W17GBpWOr0=,As8vmfzf/ZXlYuDxbYuyzyICzvw=
34,17,BGxrTHUZZDdRvjho0W17GBpWOr0=,As8vmfzf/ZXlYuDxbYuyzyICzvw=
34,18,BGxrTHUZZDdRvjho0W17GBpWOr0=,As8vmfzf/ZXlYuDxbYuyzyICzvw=
34,20,BGxrTHUZZDdRvjho0W17GBpWOr0=,As8vmfzf/ZXlYuDxbYuyzyICzvw=
33,17,BGxrTHUZZDdRvjho0W17GBpWOr0=,As8vmfzf/ZXlYuDxbYuyzyICzvw=
33,20,BGxrTHUZZDdRvjho0W17GBpWOr0=,As8vmfzf/ZXlYuDxbYuyzyICzvw=
34,19,GewX7dWoVVKqoVef9I6mfF6UP9E=,As8vmfzf/ZXlYuDxbYuyzyICzvw=
33,19,GewX7dWoVVKqoVef9I6mfF6UP9E=,As8vmfzf/ZXlYuDxbYuyzyICzvw=
36,22,GewX7dWoVVKqoVef9I6mfF6UP9E=,As8vmfzf/ZXlYuDxbYuyzyICzvw=
33,18,GewX7dWoVVKqoVef9I6mfF6UP9E=,As8vmfzf/ZXlYuDxbYuyzyICzvw=
37,24,GewX7dWoVVKqoVef9I6mfF6UP9E=,As8vmfzf/ZXlYuDxbYuyzyICzvw=
38,21,GewX7dWoVVKqoVef9I6mfF6UP9E=,As8vmfzf/ZXlYuDxbYuyzyICzvw=
38,22,GewX7dWoVVKqoVef9I6mfF6UP9E=,As8vmfzf/ZXlYuDxbYuyzyICzvw=
38,24,GewX7dWoVVKqoVef9I6mfF6UP9E=,As8vmfzf/ZXlYuDxbYuyzyICzvw=
37,22,GewX7dWoVVKqoVef9I6mfF6UP9E=,As8vmfzf/ZXlYuDxbYuyzyICzvw=
37,21,GewX7dWoVVKqoVef9I6mfF6UP9E=,As8vmfzf/ZXlYuDxbYuyzyICzvw=
37,23,GewX7dWoVVKqoVef9I6mfF6UP9E=,As8vmfzf/ZXlYuDxbYuyzyICzvw=
36,21,GewX7dWoVVKqoVef9I6mfF6UP9E=,As8vmfzf/ZXlYuDxbYuyzyICzvw=
35,21,GewX7dWoVVKqoVef9I6mfF6UP9E=,As8vmfzf/ZXlYuDxbYuyzyICzvw=
35,20,GewX7dWoVVKqoVef9I6mfF6UP9E=,As8vmfzf/ZXlYuDxbYuyzyICzvw=
36,19,GewX7dWoVVKqoVef9I6mfF6UP9E=,As8vmfzf/ZXlYuDxbYuyzyICzvw=
35,18,GewX7dWoVVKqoVef9I6mfF6UP9E=,As8vmfzf/ZXlYuDxbYuyzyICzvw=
35,22,GewX7dWoVVKqoVef9I6mfF6UP9E=,As8vmfzf/ZXlYuDxbYuyzyICzvw=
38,23,GewX7dWoVVKqoVef9I6mfF6UP9E=,As8vmfzf/ZXlYuDxbYuyzyICzvw=
36,17,GewX7dWoVVKqoVef9I6mfF6UP9E=,As8vmfzf/ZXlYuDxbYuyzyICzvw=
37,17,GewX7dWoVVKqoVef9I6mfF6UP9E=,As8vmfzf/ZXlYuDxbYuyzyICzvw=
36,18,GewX7dWoVVKqoVef9I6mfF6UP9E=,As8vmfzf/ZXlYuDxbYuyzyICzvw=
38,18,GewX7dWoVVKqoVef9I6mfF6UP9E=,As8vmfzf/ZXlYuDxbYuyzyICzvw=
37,18,GewX7dWoVVKqoVef9I6mfF6UP9E=,As8vmfzf/ZXlYuDxbYuyzyICzvw=
38,17,GewX7dWoVVKqoVef9I6mfF6UP9E=,As8vmfzf/ZXlYuDxbYuyzyICzvw=
35,17,GewX7dWoVVKqoVef9I6mfF6UP9E=,As8vmfzf/ZXlYuDxbYuyzyICzvw=
38,20,GewX7dWoVVKqoVef9I6mfF6UP9E=,As8vmfzf/ZXlYuDxbYuyzyICzvw=
36,20,GewX7dWoVVKqoVef9I6mfF6UP9E=,As8vmfzf/ZXlYuDxbYuyzyICzvw=
35,19,GewX7dWoVVKqoVef9I6mfF6UP9E=,As8vmfzf/ZXlYuDxbYuyzyICzvw=
37,20,GewX7dWoVVKqoVef9I6mfF6UP9E=,As8vmfzf/ZXlYuDxbYuyzyICzvw=
37,19,GewX7dWoVVKqoVef9I6mfF6UP9E=,As8vmfzf/ZXlYuDxbYuyzyICzvw=
38,19,GewX7dWoVVKqoVef9I6mfF6UP9E=,As8vmfzf/ZXlYuDxbYuyzyICzvw=
40,18,ZAMXTbKxblTGjWLICxj/GhW5Gsc=,As8vmfzf/ZXlYuDxbYuyzyICzvw=
40,17,ZAMXTbKxblTGjWLICxj/GhW5Gsc=,As8vmfzf/ZXlYuDxbYuyzyICzvw=
41,17,ZAMXTbKxblTGjWLICxj/GhW5Gsc=,As8vmfzf/ZXlYuDxbYuyzyICzvw=
42,18,ZAMXTbKxblTGjWLICxj/GhW5Gsc=,As8vmfzf/ZXlYuDxbYuyzyICzvw=
42,17,ZAMXTbKxblTGjWLICxj/GhW5Gsc=,As8vmfzf/ZXlYuDxbYuyzyICzvw=
39,18,ZAMXTbKxblTGjWLICxj/GhW5Gsc=,As8vmfzf/ZXlYuDxbYuyzyICzvw=
41,18,ZAMXTbKxblTGjWLICxj/GhW5Gsc=,As8vmfzf/ZXlYuDxbYuyzyICzvw=
39,17,ZAMXTbKxblTGjWLICxj/GhW5Gsc=,As8vmfzf/ZXlYuDxbYuyzyICzvw=
39,21,ZAMXTbKxblTGjWLICxj/GhW5Gsc=,As8vmfzf/ZXlYuDxbYuyzyICzvw=
42,20,ZAMXTbKxblTGjWLICxj/GhW5Gsc=,As8vmfzf/ZXlYuDxbYuyzyICzvw=
41,22,ZAMXTbKxblTGjWLICxj/GhW5Gsc=,As8vmfzf/ZXlYuDxbYuyzyICzvw=
40,19,ZAMXTbKxblTGjWLICxj/GhW5Gsc=,As8vmfzf/ZXlYuDxbYuyzyICzvw=
41,20,ZAMXTbKxblTGjWLICxj/GhW5Gsc=,As8vmfzf/ZXlYuDxbYuyzyICzvw=
40,20,ZAMXTbKxblTGjWLICxj/GhW5Gsc=,As8vmfzf/ZXlYuDxbYuyzyICzvw=
39,22,ZAMXTbKxblTGjWLICxj/GhW5Gsc=,As8vmfzf/ZXlYuDxbYuyzyICzvw=
39,20,ZAMXTbKxblTGjWLICxj/GhW5Gsc=,As8vmfzf/ZXlYuDxbYuyzyICzvw=
42,19,ZAMXTbKxblTGjWLICxj/GhW5Gsc=,As8vmfzf/ZXlYuDxbYuyzyICzvw=
39,19,ZAMXTbKxblTGjWLICxj/GhW5Gsc=,As8vmfzf/ZXlYuDxbYuyzyICzvw=
40,22,ZAMXTbKxblTGjWLICxj/GhW5Gsc=,As8vmfzf/ZXlYuDxbYuyzyICzvw=
41,19,ZAMXTbKxblTGjWLICxj/GhW5Gsc=,As8vmfzf/ZXlYuDxbYuyzyICzvw=
42,21,ZAMXTbKxblTGjWLICxj/GhW5Gsc=,As8vmfzf/ZXlYuDxbYuyzyICzvw=
42,22,ZAMXTbKxblTGjWLICxj/GhW5Gsc=,As8vmfzf/ZXlYuDxbYuyzyICzvw=
40,21,ZAMXTbKxblTGjWLICxj/GhW5Gsc=,As8vmfzf/ZXlYuDxbYuyzyICzvw=
41,21,ZAMXTbKxblTGjWLICxj/GhW5Gsc=,As8vmfzf/ZXlYuDxbYuyzyICzvw=
46,18,ZAMXTbKxblTGjWLICxj/GhW5Gsc=,As8vmfzf/ZXlYuDxbYuyzyICzvw=
45,18,ZAMXTbKxblTGjWLICxj/GhW5Gsc=,As8vmfzf/ZXlYuDxbYuyzyICzvw=
43,18,ZAMXTbKxblTGjWLICxj/GhW5Gsc=,As8vmfzf/ZXlYuDxbYuyzyICzvw=
44,17,ZAMXTbKxblTGjWLICxj/GhW5Gsc=,As8vmfzf/ZXlYuDxbYuyzyICzvw=
43,17,ZAMXTbKxblTGjWLICxj/GhW5Gsc=,As8vmfzf/ZXlYuDxbYuyzyICzvw=
46,17,ZAMXTbKxblTGjWLICxj/GhW5Gsc=,As8vmfzf/ZXlYuDxbYuyzyICzvw=
45,17,ZAMXTbKxblTGjWLICxj/GhW5Gsc=,As8vmfzf/ZXlYuDxbYuyzyICzvw=
44,18,ZAMXTbKxblTGjWLICxj/GhW5Gsc=,As8vmfzf/ZXlYuDxbYuyzyICzvw=
37,28,ZAMXTbKxblTGjWLICxj/GhW5Gsc=,t+g95UxyxyvoxQiRCaXCAigA5K8=
37,27,ZAMXTbKxblTGjWLICxj/GhW5Gsc=,As8vmfzf/ZXlYuDxbYuyzyICzvw=
38,28,ZAMXTbKxblTGjWLICxj/GhW5Gsc=,t+g95UxyxyvoxQiRCaXCAigA5K8=
46,20,ZAMXTbKxblTGjWLICxj/GhW5Gsc=,As8vmfzf/ZXlYuDxbYuyzyICzvw=
38,27,ZAMXTbKxblTGjWLICxj/GhW5Gsc=,As8vmfzf/ZXlYuDxbYuyzyICzvw=
46,19,ZAMXTbKxblTGjWLICxj/GhW5Gsc=,As8vmfzf/ZXlYuDxbYuyzyICzvw=
44,20,ZAMXTbKxblTGjWLICxj/GhW5Gsc=,As8vmfzf/ZXlYuDxbYuyzyICzvw=
47,22,ZAMXTbKxblTGjWLICxj/GhW5Gsc=,As8vmfzf/ZXlYuDxbYuyzyICzvw=
47,21,ZAMXTbKxblTGjWLICxj/GhW5Gsc=,As8vmfzf/ZXlYuDxbYuyzyICzvw=
44,22,ZAMXTbKxblTGjWLICxj/GhW5Gsc=,As8vmfzf/ZXlYuDxbYuyzyICzvw=
46,22,ZAMXTbKxblTGjWLICxj/GhW5Gsc=,As8vmfzf/ZXlYuDxbYuyzyICzvw=
43,20,ZAMXTbKxblTGjWLICxj/GhW5Gsc=,As8vmfzf/ZXlYuDxbYuyzyICzvw=
46,21,ZAMXTbKxblTGjWLICxj/GhW5Gsc=,As8vmfzf/ZXlYuDxbYuyzyICzvw=
45,20,ZAMXTbKxblTGjWLICxj/GhW5Gsc=,As8vmfzf/ZXlYuDxbYuyzyICzvw=
43,22,ZAMXTbKxblTGjWLICxj/GhW5Gsc=,As8vmfzf/ZXlYuDxbYuyzyICzvw=
44,19,ZAMXTbKxblTGjWLICxj/GhW5Gsc=,As8vmfzf/ZXlYuDxbYuyzyICzvw=
43,19,ZAMXTbKxblTGjWLICxj/GhW5Gsc=,As8vmfzf/ZXlYuDxbYuyzyICzvw=
44,21,ZAMXTbKxblTGjWLICxj/GhW5Gsc=,As8vmfzf/ZXlYuDxbYuyzyICzvw=
45,21,ZAMXTbKxblTGjWLICxj/GhW5Gsc=,As8vmfzf/ZXlYuDxbYuyzyICzvw=
43,21,ZAMXTbKxblTGjWLICxj/GhW5Gsc=,As8vmfzf/ZXlYuDxbYuyzyICzvw=
45,19,ZAMXTbKxblTGjWLICxj/GhW5Gsc=,As8vmfzf/ZXlYuDxbYuyzyICzvw=
47,18,ZAMXTbKxblTGjWLICxj/GhW5Gsc=,As8vmfzf/ZXlYuDxbYuyzyICzvw=
47,17,ZAMXTbKxblTGjWLICxj/GhW5Gsc=,As8vmfzf/ZXlYuDxbYuyzyICzvw=
45,22,hIFLhUqpvOHncvQ6U/FaqJuhaSA=,As8vmfzf/ZXlYuDxbYuyzyICzvw=
40,25,hIFLhUqpvOHncvQ6U/FaqJuhaSA=,As8vmfzf/ZXlYuDxbYuyzyICzvw=
39,26,hIFLhUqpvOHncvQ6U/FaqJuhaSA=,As8vmfzf/ZXlYuDxbYuyzyICzvw=
39,27,hIFLhUqpvOHncvQ6U/FaqJuhaSA=,As8vmfzf/ZXlYuDxbYuyzyICzvw=
39,25,hIFLhUqpvOHncvQ6U/FaqJuhaSA=,As8vmfzf/ZXlYuDxbYuyzyICzvw=
39,28,hIFLhUqpvOHncvQ6U/FaqJuhaSA=,t+g95UxyxyvoxQiRCaXCAigA5K8=
41,27,hIFLhUqpvOHncvQ6U/FaqJuhaSA=,As8vmfzf/ZXlYuDxbYuyzyICzvw=
40,27,hIFLhUqpvOHncvQ6U/FaqJuhaSA=,As8vmfzf/ZXlYuDxbYuyzyICzvw=
42,26,hIFLhUqpvOHncvQ6U/FaqJuhaSA=,As8vmfzf/ZXlYuDxbYuyzyICzvw=
42,27,hIFLhUqpvOHncvQ6U/FaqJuhaSA=,As8vmfzf/ZXlYuDxbYuyzyICzvw=
40,26,hIFLhUqpvOHncvQ6U/FaqJuhaSA=,As8vmfzf/ZXlYuDxbYuyzyICzvw=
42,25,hIFLhUqpvOHncvQ6U/FaqJuhaSA=,As8vmfzf/ZXlYuDxbYuyzyICzvw=
41,25,hIFLhUqpvOHncvQ6U/FaqJuhaSA=,As8vmfzf/ZXlYuDxbYuyzyICzvw=
41,26,hIFLhUqpvOHncvQ6U/FaqJuhaSA=,As8vmfzf/ZXlYuDxbYuyzyICzvw=
40,24,hIFLhUqpvOHncvQ6U/FaqJuhaSA=,As8vmfzf/ZXlYuDxbYuyzyICzvw=
42,24,hIFLhUqpvOHncvQ6U/FaqJuhaSA=,As8vmfzf/ZXlYuDxbYuyzyICzvw=
39,24,hIFLhUqpvOHncvQ6U/FaqJuhaSA=,As8vmfzf/ZXlYuDxbYuyzyICzvw=
47,20,hIFLhUqpvOHncvQ6U/FaqJuhaSA=,As8vmfzf/ZXlYuDxbYuyzyICzvw=
47,19,hIFLhUqpvOHncvQ6U/FaqJuhaSA=,As8vmfzf/ZXlYuDxbYuyzyICzvw=
39,23,hIFLhUqpvOHncvQ6U/FaqJuhaSA=,As8vmfzf/ZXlYuDxbYuyzyICzvw=
42,23,hIFLhUqpvOHncvQ6U/FaqJuhaSA=,As8vmfzf/ZXlYuDxbYuyzyICzvw=
41,24,hIFLhUqpvOHncvQ6U/FaqJuhaSA=,As8vmfzf/ZXlYuDxbYuyzyICzvw=
46,16,hIFLhUqpvOHncvQ6U/FaqJuhaSA=,As8vmfzf/ZXlYuDxbYuyzyICzvw=
40,23,hIFLhUqpvOHncvQ6U/FaqJuhaSA=,As8vmfzf/ZXlYuDxbYuyzyICzvw=
41,23,hIFLhUqpvOHncvQ6U/FaqJuhaSA=,As8vmfzf/ZXlYuDxbYuyzyICzvw=
46,27,hIFLhUqpvOHncvQ6U/FaqJuhaSA=,As8vmfzf/ZXlYuDxbYuyzyICzvw=
47,27,hIFLhUqpvOHncvQ6U/FaqJuhaSA=,As8vmfzf/ZXlYuDxbYuyzyICzvw=
45,27,hIFLhUqpvOHncvQ6U/FaqJuhaSA=,As8vmfzf/ZXlYuDxbYuyzyICzvw=
44,27,hIFLhUqpvOHncvQ6U/FaqJuhaSA=,As8vmfzf/ZXlYuDxbYuyzyICzvw=
47,26,hIFLhUqpvOHncvQ6U/FaqJuhaSA=,As8vmfzf/ZXlYuDxbYuyzyICzvw=
43,27,hIFLhUqpvOHncvQ6U/FaqJuhaSA=,As8vmfzf/ZXlYuDxbYuyzyICzvw=
46,26,hIFLhUqpvOHncvQ6U/FaqJuhaSA=,As8vmfzf/ZXlYuDxbYuyzyICzvw=
43,26,hIFLhUqpvOHncvQ6U/FaqJuhaSA=,As8vmfzf/ZXlYuDxbYuyzyICzvw=
45,26,hIFLhUqpvOHncvQ6U/FaqJuhaSA=,As8vmfzf/ZXlYuDxbYuyzyICzvw=
43,25,hIFLhUqpvOHncvQ6U/FaqJuhaSA=,As8vmfzf/ZXlYuDxbYuyzyICzvw=
44,26,hIFLhUqpvOHncvQ6U/FaqJuhaSA=,As8vmfzf/ZXlYuDxbYuyzyICzvw=
47,25,hIFLhUqpvOHncvQ6U/FaqJuhaSA=,As8vmfzf/ZXlYuDxbYuyzyICzvw=
46,25,hIFLhUqpvOHncvQ6U/FaqJuhaSA=,As8vmfzf/ZXlYuDxbYuyzyICzvw=
45,25,hIFLhUqpvOHncvQ6U/FaqJuhaSA=,As8vmfzf/ZXlYuDxbYuyzyICzvw=
47,24,hIFLhUqpvOHncvQ6U/FaqJuhaSA=,As8vmfzf/ZXlYuDxbYuyzyICzvw=
44,25,hIFLhUqpvOHncvQ6U/FaqJuhaSA=,As8vmfzf/ZXlYuDxbYuyzyICzvw=
45,16,hIFLhUqpvOHncvQ6U/FaqJuhaSA=,As8vmfzf/ZXlYuDxbYuyzyICzvw=
44,24,hIFLhUqpvOHncvQ6U/FaqJuhaSA=,As8vmfzf/ZXlYuDxbYuyzyICzvw=
45,24,hIFLhUqpvOHncvQ6U/FaqJuhaSA=,As8vmfzf/ZXlYuDxbYuyzyICzvw=
43,24,hIFLhUqpvOHncvQ6U/FaqJuhaSA=,As8vmfzf/ZXlYuDxbYuyzyICzvw=
46,24,hIFLhUqpvOHncvQ6U/FaqJuhaSA=,As8vmfzf/ZXlYuDxbYuyzyICzvw=
44,16,hIFLhUqpvOHncvQ6U/FaqJuhaSA=,As8vmfzf/ZXlYuDxbYuyzyICzvw=
44,23,hIFLhUqpvOHncvQ6U/FaqJuhaSA=,As8vmfzf/ZXlYuDxbYuyzyICzvw=
41,16,hIFLhUqpvOHncvQ6U/FaqJuhaSA=,As8vmfzf/ZXlYuDxbYuyzyICzvw=
46,23,hIFLhUqpvOHncvQ6U/FaqJuhaSA=,As8vmfzf/ZXlYuDxbYuyzyICzvw=
37,16,hIFLhUqpvOHncvQ6U/FaqJuhaSA=,As8vmfzf/ZXlYuDxbYuyzyICzvw=
42,16,hIFLhUqpvOHncvQ6U/FaqJuhaSA=,As8vmfzf/ZXlYuDxbYuyzyICzvw=
40,16,hIFLhUqpvOHncvQ6U/FaqJuhaSA=,As8vmfzf/ZXlYuDxbYuyzyICzvw=
43,16,hIFLhUqpvOHncvQ6U/FaqJuhaSA=,As8vmfzf/ZXlYuDxbYuyzyICzvw=
43,23,hIFLhUqpvOHncvQ6U/FaqJuhaSA=,As8vmfzf/ZXlYuDxbYuyzyICzvw=
47,23,hIFLhUqpvOHncvQ6U/FaqJuhaSA=,As8vmfzf/ZXlYuDxbYuyzyICzvw=
39,16,hIFLhUqpvOHncvQ6U/FaqJuhaSA=,As8vmfzf/ZXlYuDxbYuyzyICzvw=
38,16,hIFLhUqpvOHncvQ6U/FaqJuhaSA=,As8vmfzf/ZXlYuDxbYuyzyICzvw=
45,23,hIFLhUqpvOHncvQ6U/FaqJuhaSA=,As8vmfzf/ZXlYuDxbYuyzyICzvw=
34,26,hIFLhUqpvOHncvQ6U/FaqJuhaSA=,As8vmfzf/ZXlYuDxbYuyzyICzvw=
33,26,hIFLhUqpvOHncvQ6U/FaqJuhaSA=,As8vmfzf/ZXlYuDxbYuyzyICzvw=
33,25,hIFLhUqpvOHncvQ6U/FaqJuhaSA=,As8vmfzf/ZXlYuDxbYuyzyICzvw=
33,24,hIFLhUqpvOHncvQ6U/FaqJuhaSA=,As8vmfzf/ZXlYuDxbYuyzyICzvw=
35,27,hIFLhUqpvOHncvQ6U/FaqJuhaSA=,As8vmfzf/ZXlYuDxbYuyzyICzvw=
35,25,hIFLhUqpvOHncvQ6U/FaqJuhaSA=,As8vmfzf/ZXlYuDxbYuyzyICzvw=
34,25,hIFLhUqpvOHncvQ6U/FaqJuhaSA=,As8vmfzf/ZXlYuDxbYuyzyICzvw=
33,23,hIFLhUqpvOHncvQ6U/FaqJuhaSA=,As8vmfzf/ZXlYuDxbYuyzyICzvw=
35,24,hIFLhUqpvOHncvQ6U/FaqJuhaSA=,As8vmfzf/ZXlYuDxbYuyzyICzvw=
36,26,hIFLhUqpvOHncvQ6U/FaqJuhaSA=,As8vmfzf/ZXlYuDxbYuyzyICzvw=
34,27,hIFLhUqpvOHncvQ6U/FaqJuhaSA=,As8vmfzf/ZXlYuDxbYuyzyICzvw=
34,24,hIFLhUqpvOHncvQ6U/FaqJuhaSA=,As8vmfzf/ZXlYuDxbYuyzyICzvw=
33,27,hIFLhUqpvOHncvQ6U/FaqJuhaSA=,As8vmfzf/ZXlYuDxbYuyzyICzvw=
36,25,hIFLhUqpvOHncvQ6U/FaqJuhaSA=,As8vmfzf/ZXlYuDxbYuyzyICzvw=
36,27,hIFLhUqpvOHncvQ6U/FaqJuhaSA=,As8vmfzf/ZXlYuDxbYuyzyICzvw=
35,26,hIFLhUqpvOHncvQ6U/FaqJuhaSA=,As8vmfzf/ZXlYuDxbYuyzyICzvw=
32,22,hIFLhUqpvOHncvQ6U/FaqJuhaSA=,As8vmfzf/ZXlYuDxbYuyzyICzvw=
36,24,hIFLhUqpvOHncvQ6U/FaqJuhaSA=,As8vmfzf/ZXlYuDxbYuyzyICzvw=
34,23,hIFLhUqpvOHncvQ6U/FaqJuhaSA=,As8vmfzf/ZXlYuDxbYuyzyICzvw=
36,28,hIFLhUqpvOHncvQ6U/FaqJuhaSA=,t+g95UxyxyvoxQiRCaXCAigA5K8=
35,23,hIFLhUqpvOHncvQ6U/FaqJuhaSA=,As8vmfzf/ZXlYuDxbYuyzyICzvw=
32,17,hIFLhUqpvOHncvQ6U/FaqJuhaSA=,As8vmfzf/ZXlYuDxbYuyzyICzvw=
32,21,hIFLhUqpvOHncvQ6U/FaqJuhaSA=,As8vmfzf/ZXlYuDxbYuyzyICzvw=
32,18,hIFLhUqpvOHncvQ6U/FaqJuhaSA=,As8vmfzf/ZXlYuDxbYuyzyICzvw=
33,16,hIFLhUqpvOHncvQ6U/FaqJuhaSA=,As8vmfzf/ZXlYuDxbYuyzyICzvw=
36,16,hIFLhUqpvOHncvQ6U/FaqJuhaSA=,As8vmfzf/ZXlYuDxbYuyzyICzvw=
36,23,hIFLhUqpvOHncvQ6U/FaqJuhaSA=,As8vmfzf/ZXlYuDxbYuyzyICzvw=
34,16,hIFLhUqpvOHncvQ6U/FaqJuhaSA=,As8vmfzf/ZXlYuDxbYuyzyICzvw=
32,20,hIFLhUqpvOHncvQ6U/FaqJuhaSA=,As8vmfzf/ZXlYuDxbYuyzyICzvw=
35,16,hIFLhUqpvOHncvQ6U/FaqJuhaSA=,As8vmfzf/ZXlYuDxbYuyzyICzvw=
32,19,hIFLhUqpvOHncvQ6U/FaqJuhaSA=,As8vmfzf/ZXlYuDxbYuyzyICzvw=
32,25,hIFLhUqpvOHncvQ6U/FaqJuhaSA=,As8vmfzf/ZXlYuDxbYuyzyICzvw=
32,24,hIFLhUqpvOHncvQ6U/FaqJuhaSA=,As8vmfzf/ZXlYuDxbYuyzyICzvw=
32,23,hIFLhUqpvOHncvQ6U/FaqJuhaSA=,As8vmfzf/ZXlYuDxbYuyzyICzvw=
32,26,hIFLhUqpvOHncvQ6U/FaqJuhaSA=,As8vmfzf/ZXlYuDxbYuyzyICzvw=
32,27,hIFLhUqpvOHncvQ6U/FaqJuhaSA=,As8vmfzf/ZXlYuDxbYuyzyICzvw=
47,16,hIFLhUqpvOHncvQ6U/FaqJuhaSA=,As8vmfzf/ZXlYuDxbYuyzyICzvw=
32,16,hIFLhUqpvOHncvQ6U/FaqJuhaSA=,As8vmfzf/ZXlYuDxbYuyzyICzvw=
57,25,hIFLhUqpvOHncvQ6U/FaqJuhaSA=,As8vmfzf/ZXlYuDxbYuyzyICzvw=
58,26,hIFLhUqpvOHncvQ6U/FaqJuhaSA=,As8vmfzf/ZXlYuDxbYuyzyICzvw=
58,25,hIFLhUqpvOHncvQ6U/FaqJuhaSA=,As8vmfzf/ZXlYuDxbYuyzyICzvw=
57,26,hIFLhUqpvOHncvQ6U/FaqJuhaSA=,As8vmfzf/ZXlYuDxbYuyzyICzvw=
56,26,hIFLhUqpvOHncvQ6U/FaqJuhaSA=,As8vmfzf/ZXlYuDxbYuyzyICzvw=
53,25,hIFLhUqpvOHncvQ6U/FaqJuhaSA=,As8vmfzf/ZXlYuDxbYuyzyICzvw=
55,26,hIFLhUqpvOHncvQ6U/FaqJuhaSA=,As8vmfzf/ZXlYuDxbYuyzyICzvw=
54,26,hIFLhUqpvOHncvQ6U/FaqJuhaSA=,As8vmfzf/ZXlYuDxbYuyzyICzvw=
55,25,hIFLhUqpvOHncvQ6U/FaqJuhaSA=,As8vmfzf/ZXlYuDxbYuyzyICzvw=
53,26,hIFLhUqpvOHncvQ6U/FaqJuhaSA=,As8vmfzf/ZXlYuDxbYuyzyICzvw=
54,25,hIFLhUqpvOHncvQ6U/FaqJuhaSA=,As8vmfzf/ZXlYuDxbYuyzyICzvw=
56,25,hIFLhUqpvOHncvQ6U/FaqJuhaSA=,As8vmfzf/ZXlYuDxbYuyzyICzvw=
57,23,ceLYp8DozcRTae4ua8QOGM58PME=,As8vmfzf/ZXlYuDxbYuyzyICzvw=
58,24,ceLYp8DozcRTae4ua8QOGM58PME=,As8vmfzf/ZXlYuDxbYuyzyICzvw=
57,24,ceLYp8DozcRTae4ua8QOGM58PME=,As8vmfzf/ZXlYuDxbYuyzyICzvw=
58,22,ceLYp8DozcRTae4ua8QOGM58PME=,As8vmfzf/ZXlYuDxbYuyzyICzvw=
58,23,ceLYp8DozcRTae4ua8QOGM58PME=,As8vmfzf/ZXlYuDxbYuyzyICzvw=
57,22,ceLYp8DozcRTae4ua8QOGM58PME=,As8vmfzf/ZXlYuDxbYuyzyICzvw=
57,21,ceLYp8DozcRTae4ua8QOGM58PME=,As8vmfzf/ZXlYuDxbYuyzyICzvw=
58,21,ceLYp8DozcRTae4ua8QOGM58PME=,As8vmfzf/ZXlYuDxbYuyzyICzvw=
56,23,wCLOsJncvwqq9dUa7KT5s0IcLiI=,As8vmfzf/ZXlYuDxbYuyzyICzvw=
53,24,wCLOsJncvwqq9dUa7KT5s0IcLiI=,As8vmfzf/ZXlYuDxbYuyzyICzvw=
54,23,wCLOsJncvwqq9dUa7KT5s0IcLiI=,As8vmfzf/ZXlYuDxbYuyzyICzvw=
56,24,wCLOsJncvwqq9dUa7KT5s0IcLiI=,As8vmfzf/ZXlYuDxbYuyzyICzvw=
55,23,wCLOsJncvwqq9dUa7KT5s0IcLiI=,As8vmfzf/ZXlYuDxbYuyzyICzvw=
55,24,wCLOsJncvwqq9dUa7KT5s0IcLiI=,As8vmfzf/ZXlYuDxbYuyzyICzvw=
54,24,wCLOsJncvwqq9dUa7KT5s0IcLiI=,As8vmfzf/ZXlYuDxbYuyzyICzvw=
53,23,wCLOsJncvwqq9dUa7KT5s0IcLiI=,As8vmfzf/ZXlYuDxbYuyzyICzvw=
53,22,wCLOsJncvwqq9dUa7KT5s0IcLiI=,As8vmfzf/ZXlYuDxbYuyzyICzvw=
56,22,wCLOsJncvwqq9dUa7KT5s0IcLiI=,As8vmfzf/ZXlYuDxbYuyzyICzvw=
54,22,wCLOsJncvwqq9dUa7KT5s0IcLiI=,As8vmfzf/ZXlYuDxbYuyzyICzvw=
53,21,wCLOsJncvwqq9dUa7KT5s0IcLiI=,As8vmfzf/ZXlYuDxbYuyzyICzvw=
55,22,wCLOsJncvwqq9dUa7KT5s0IcLiI=,As8vmfzf/ZXlYuDxbYuyzyICzvw=
54,21,wCLOsJncvwqq9dUa7KT5s0IcLiI=,As8vmfzf/ZXlYuDxbYuyzyICzvw=
55,21,wCLOsJncvwqq9dUa7KT5s0IcLiI=,As8vmfzf/ZXlYuDxbYuyzyICzvw=
56,21,wCLOsJncvwqq9dUa7KT5s0IcLiI=,As8vmfzf/ZXlYuDxbYuyzyICzvw=
54,17,d1eUeyMVPmjZhvBKXdH7Daz1slc=,As8vmfzf/ZXlYuDxbYuyzyICzvw=
53,19,d1eUeyMVPmjZhvBKXdH7Daz1slc=,As8vmfzf/ZXlYuDxbYuyzyICzvw=
54,18,d1eUeyMVPmjZhvBKXdH7Daz1slc=,As8vmfzf/ZXlYuDxbYuyzyICzvw=
54,19,d1eUeyMVPmjZhvBKXdH7Daz1slc=,As8vmfzf/ZXlYuDxbYuyzyICzvw=
53,20,d1eUeyMVPmjZhvBKXdH7Daz1slc=,As8vmfzf/ZXlYuDxbYuyzyICzvw=
54,20,d1eUeyMVPmjZhvBKXdH7Daz1slc=,As8vmfzf/ZXlYuDxbYuyzyICzvw=
53,18,d1eUeyMVPmjZhvBKXdH7Daz1slc=,As8vmfzf/ZXlYuDxbYuyzyICzvw=
53,17,d1eUeyMVPmjZhvBKXdH7Daz1slc=,As8vmfzf/ZXlYuDxbYuyzyICzvw=
55,18,d1eUeyMVPmjZhvBKXdH7Daz1slc=,As8vmfzf/ZXlYuDxbYuyzyICzvw=
57,20,d1eUeyMVPmjZhvBKXdH7Daz1slc=,As8vmfzf/ZXlYuDxbYuyzyICzvw=
55,19,d1eUeyMVPmjZhvBKXdH7Daz1slc=,As8vmfzf/ZXlYuDxbYuyzyICzvw=
58,20,d1eUeyMVPmjZhvBKXdH7Daz1slc=,As8vmfzf/ZXlYuDxbYuyzyICzvw=
58,19,d1eUeyMVPmjZhvBKXdH7Daz1slc=,As8vmfzf/ZXlYuDxbYuyzyICzvw=
55,17,d1eUeyMVPmjZhvBKXdH7Daz1slc=,As8vmfzf/ZXlYuDxbYuyzyICzvw=
55,20,d1eUeyMVPmjZhvBKXdH7Daz1slc=,As8vmfzf/ZXlYuDxbYuyzyICzvw=
57,19,d1eUeyMVPmjZhvBKXdH7Daz1slc=,As8vmfzf/ZXlYuDxbYuyzyICzvw=
56,20,d1eUeyMVPmjZhvBKXdH7Daz1slc=,As8vmfzf/ZXlYuDxbYuyzyICzvw=
58,18,d1eUeyMVPmjZhvBKXdH7Daz1slc=,As8vmfzf/ZXlYuDxbYuyzyICzvw=
57,18,d1eUeyMVPmjZhvBKXdH7Daz1slc=,As8vmfzf/ZXlYuDxbYuyzyICzvw=
56,17,d1eUeyMVPmjZhvBKXdH7Daz1slc=,As8vmfzf/ZXlYuDxbYuyzyICzvw=
58,17,d1eUeyMVPmjZhvBKXdH7Daz1slc=,As8vmfzf/ZXlYuDxbYuyzyICzvw=
56,19,d1eUeyMVPmjZhvBKXdH7Daz1slc=,As8vmfzf/ZXlYuDxbYuyzyICzvw=
56,18,d1eUeyMVPmjZhvBKXdH7Daz1slc=,As8vmfzf/ZXlYuDxbYuyzyICzvw=
57,17,d1eUeyMVPmjZhvBKXdH7Daz1slc=,As8vmfzf/ZXlYuDxbYuyzyICzvw=
62,22,kGsRuH93GGtH8+PBdZDG92E9KcI=,As8vmfzf/ZXlYuDxbYuyzyICzvw=
61,22,kGsRuH93GGtH8+PBdZDG92E9KcI=,As8vmfzf/ZXlYuDxbYuyzyICzvw=
60,22,kGsRuH93GGtH8+PBdZDG92E9KcI=,As8vmfzf/ZXlYuDxbYuyzyICzvw=
62,21,kGsRuH93GGtH8+PBdZDG92E9KcI=,As8vmfzf/ZXlYuDxbYuyzyICzvw=
60,21,kGsRuH93GGtH8+PBdZDG92E9KcI=,As8vmfzf/ZXlYuDxbYuyzyICzvw=
61,21,kGsRuH93GGtH8+PBdZDG92E9KcI=,As8vmfzf/ZXlYuDxbYuyzyICzvw=
59,21,kGsRuH93GGtH8+PBdZDG92E9KcI=,As8vmfzf/ZXlYuDxbYuyzyICzvw=
59,22,kGsRuH93GGtH8+PBdZDG92E9KcI=,As8vmfzf/ZXlYuDxbYuyzyICzvw=
51,26,kGsRuH93GGtH8+PBdZDG92E9KcI=,As8vmfzf/ZXlYuDxbYuyzyICzvw=
52,25,kGsRuH93GGtH8+PBdZDG92E9KcI=,As8vmfzf/ZXlYuDxbYuyzyICzvw=
49,26,kGsRuH93GGtH8+PBdZDG92E9KcI=,As8vmfzf/ZXlYuDxbYuyzyICzvw=
50,26,kGsRuH93GGtH8+PBdZDG92E9KcI=,As8vmfzf/ZXlYuDxbYuyzyICzvw=
52,26,kGsRuH93GGtH8+PBdZDG92E9KcI=,As8vmfzf/ZXlYuDxbYuyzyICzvw=
51,25,kGsRuH93GGtH8+PBdZDG92E9KcI=,As8vmfzf/ZXlYuDxbYuyzyICzvw=
50,25,kGsRuH93GGtH8+PBdZDG92E9KcI=,As8vmfzf/ZXlYuDxbYuyzyICzvw=
49,25,kGsRuH93GGtH8+PBdZDG92E9KcI=,As8vmfzf/ZXlYuDxbYuyzyICzvw=
52,24,kGsRuH93GGtH8+PBdZDG92E9KcI=,As8vmfzf/ZXlYuDxbYuyzyICzvw=
50,24,kGsRuH93GGtH8+PBdZDG92E9KcI=,As8vmfzf/ZXlYuDxbYuyzyICzvw=
51,24,kGsRuH93GGtH8+PBdZDG92E9KcI=,As8vmfzf/ZXlYuDxbYuyzyICzvw=
52,23,kGsRuH93GGtH8+PBdZDG92E9KcI=,As8vmfzf/ZXlYuDxbYuyzyICzvw=
51,21,kGsRuH93GGtH8+PBdZDG92E9KcI=,As8vmfzf/ZXlYuDxbYuyzyICzvw=
49,24,kGsRuH93GGtH8+PBdZDG92E9KcI=,As8vmfzf/ZXlYuDxbYuyzyICzvw=
50,21,kGsRuH93GGtH8+PBdZDG92E9KcI=,As8vmfzf/ZXlYuDxbYuyzyICzvw=
50,22,kGsRuH93GGtH8+PBdZDG92E9KcI=,As8vmfzf/ZXlYuDxbYuyzyICzvw=
48,22,kGsRuH93GGtH8+PBdZDG92E9KcI=,As8vmfzf/ZXlYuDxbYuyzyICzvw=
52,22,kGsRuH93GGtH8+PBdZDG92E9KcI=,As8vmfzf/ZXlYuDxbYuyzyICzvw=
51,22,kGsRuH93GGtH8+PBdZDG92E9KcI=,As8vmfzf/ZXlYuDxbYuyzyICzvw=
50,23,kGsRuH93GGtH8+PBdZDG92E9KcI=,As8vmfzf/ZXlYuDxbYuyzyICzvw=
49,21,kGsRuH93GGtH8+PBdZDG92E9KcI=,As8vmfzf/ZXlYuDxbYuyzyICzvw=
52,21,kGsRuH93GGtH8+PBdZDG92E9KcI=,As8vmfzf/ZXlYuDxbYuyzyICzvw=
49,22,kGsRuH93GGtH8+PBdZDG92E9KcI=,As8vmfzf/ZXlYuDxbYuyzyICzvw=
49,23,kGsRuH93GGtH8+PBdZDG92E9KcI=,As8vmfzf/ZXlYuDxbYuyzyICzvw=
48,21,kGsRuH93GGtH8+PBdZDG92E9KcI=,As8vmfzf/ZXlYuDxbYuyzyICzvw=
57,16,kGsRuH93GGtH8+PBdZDG92E9KcI=,As8vmfzf/ZXlYuDxbYuyzyICzvw=
58,16,kGsRuH93GGtH8+PBdZDG92E9KcI=,As8vmfzf/ZXlYuDxbYuyzyICzvw=
51,23,kGsRuH93GGtH8+PBdZDG92E9KcI=,As8vmfzf/ZXlYuDxbYuyzyICzvw=
63,22,kGsRuH93GGtH8+PBdZDG92E9KcI=,As8vmfzf/ZXlYuDxbYuyzyICzvw=
63,21,kGsRuH93GGtH8+PBdZDG92E9KcI=,As8vmfzf/ZXlYuDxbYuyzyICzvw=
60,23,kGsRuH93GGtH8+PBdZDG92E9KcI=,As8vmfzf/ZXlYuDxbYuyzyICzvw=
61,23,VpRuRytDeWgs9kEfgsfBviK0QI8=,As8vmfzf/ZXlYuDxbYuyzyICzvw=
59,24,VpRuRytDeWgs9kEfgsfBviK0QI8=,As8vmfzf/ZXlYuDxbYuyzyICzvw=
59,26,VpRuRytDeWgs9kEfgsfBviK0QI8=,As8vmfzf/ZXlYuDxbYuyzyICzvw=
59,23,VpRuRytDeWgs9kEfgsfBviK0QI8=,As8vmfzf/ZXlYuDxbYuyzyICzvw=
59,25,VpRuRytDeWgs9kEfgsfBviK0QI8=,As8vmfzf/ZXlYuDxbYuyzyICzvw=
62,23,VpRuRytDeWgs9kEfgsfBviK0QI8=,As8vmfzf/ZXlYuDxbYuyzyICzvw=
49,27,VpRuRytDeWgs9kEfgsfBviK0QI8=,As8vmfzf/ZXlYuDxbYuyzyICzvw=
50,27,VpRuRytDeWgs9kEfgsfBviK0QI8=,As8vmfzf/ZXlYuDxbYuyzyICzvw=
52,27,VpRuRytDeWgs9kEfgsfBviK0QI8=,As8vmfzf/ZXlYuDxbYuyzyICzvw=
54,27,VpRuRytDeWgs9kEfgsfBviK0QI8=,As8vmfzf/ZXlYuDxbYuyzyICzvw=
53,27,VpRuRytDeWgs9kEfgsfBviK0QI8=,As8vmfzf/ZXlYuDxbYuyzyICzvw=
56,16,VpRuRytDeWgs9kEfgsfBviK0QI8=,As8vmfzf/ZXlYuDxbYuyzyICzvw=
51,27,VpRuRytDeWgs9kEfgsfBviK0QI8=,As8vmfzf/ZXlYuDxbYuyzyICzvw=
55,27,VpRuRytDeWgs9kEfgsfBviK0QI8=,As8vmfzf/ZXlYuDxbYuyzyICzvw=
56,27,VpRuRytDeWgs9kEfgsfBviK0QI8=,As8vmfzf/ZXlYuDxbYuyzyICzvw=
58,27,VpRuRytDeWgs9kEfgsfBviK0QI8=,As8vmfzf/ZXlYuDxbYuyzyICzvw=
57,27,VpRuRytDeWgs9kEfgsfBviK0QI8=,As8vmfzf/ZXlYuDxbYuyzyICzvw=
54,16,VpRuRytDeWgs9kEfgsfBviK0QI8=,As8vmfzf/ZXlYuDxbYuyzyICzvw=
48,26,VpRuRytDeWgs9kEfgsfBviK0QI8=,As8vmfzf/ZXlYuDxbYuyzyICzvw=
48,25,VpRuRytDeWgs9kEfgsfBviK0QI8=,As8vmfzf/ZXlYuDxbYuyzyICzvw=
55,16,VpRuRytDeWgs9kEfgsfBviK0QI8=,As8vmfzf/ZXlYuDxbYuyzyICzvw=
53,16,VpRuRytDeWgs9kEfgsfBviK0QI8=,As8vmfzf/ZXlYuDxbYuyzyICzvw=
48,27,VpRuRytDeWgs9kEfgsfBviK0QI8=,As8vmfzf/ZXlYuDxbYuyzyICzvw=
59,27,VpRuRytDeWgs9kEfgsfBviK0QI8=,As8vmfzf/ZXlYuDxbYuyzyICzvw=
63,23,VpRuRytDeWgs9kEfgsfBviK0QI8=,As8vmfzf/ZXlYuDxbYuyzyICzvw=
48,24,VpRuRytDeWgs9kEfgsfBviK0QI8=,As8vmfzf/ZXlYuDxbYuyzyICzvw=
48,23,VpRuRytDeWgs9kEfgsfBviK0QI8=,As8vmfzf/ZXlYuDxbYuyzyICzvw=
50,19,VpRuRytDeWgs9kEfgsfBviK0QI8=,As8vmfzf/ZXlYuDxbYuyzyICzvw=
49,20,VpRuRytDeWgs9kEfgsfBviK0QI8=,As8vmfzf/ZXlYuDxbYuyzyICzvw=
48,16,VpRuRytDeWgs9kEfgsfBviK0QI8=,As8vmfzf/ZXlYuDxbYuyzyICzvw=
51,20,VpRuRytDeWgs9kEfgsfBviK0QI8=,As8vmfzf/ZXlYuDxbYuyzyICzvw=
49,19,VpRuRytDeWgs9kEfgsfBviK0QI8=,As8vmfzf/ZXlYuDxbYuyzyICzvw=
52,16,VpRuRytDeWgs9kEfgsfBviK0QI8=,As8vmfzf/ZXlYuDxbYuyzyICzvw=
52,17,VpRuRytDeWgs9kEfgsfBviK0QI8=,As8vmfzf/ZXlYuDxbYuyzyICzvw=
51,19,VpRuRytDeWgs9kEfgsfBviK0QI8=,As8vmfzf/ZXlYuDxbYuyzyICzvw=
48,19,VpRuRytDeWgs9kEfgsfBviK0QI8=,As8vmfzf/ZXlYuDxbYuyzyICzvw=
48,20,VpRuRytDeWgs9kEfgsfBviK0QI8=,As8vmfzf/ZXlYuDxbYuyzyICzvw=
52,20,VpRuRytDeWgs9kEfgsfBviK0QI8=,As8vmfzf/ZXlYuDxbYuyzyICzvw=
52,18,VpRuRytDeWgs9kEfgsfBviK0QI8=,As8vmfzf/ZXlYuDxbYuyzyICzvw=
51,17,VpRuRytDeWgs9kEfgsfBviK0QI8=,As8vmfzf/ZXlYuDxbYuyzyICzvw=
51,18,VpRuRytDeWgs9kEfgsfBviK0QI8=,As8vmfzf/ZXlYuDxbYuyzyICzvw=
50,17,VpRuRytDeWgs9kEfgsfBviK0QI8=,As8vmfzf/ZXlYuDxbYuyzyICzvw=
50,20,VpRuRytDeWgs9kEfgsfBviK0QI8=,As8vmfzf/ZXlYuDxbYuyzyICzvw=
50,18,VpRuRytDeWgs9kEfgsfBviK0QI8=,As8vmfzf/ZXlYuDxbYuyzyICzvw=
48,18,VpRuRytDeWgs9kEfgsfBviK0QI8=,As8vmfzf/ZXlYuDxbYuyzyICzvw=
49,18,VpRuRytDeWgs9kEfgsfBviK0QI8=,As8vmfzf/ZXlYuDxbYuyzyICzvw=
49,16,VpRuRytDeWgs9kEfgsfBviK0QI8=,As8vmfzf/ZXlYuDxbYuyzyICzvw=
50,16,VpRuRytDeWgs9kEfgsfBviK0QI8=,As8vmfzf/ZXlYuDxbYuyzyICzvw=
48,17,VpRuRytDeWgs9kEfgsfBviK0QI8=,As8vmfzf/ZXlYuDxbYuyzyICzvw=
49,17,VpRuRytDeWgs9kEfgsfBviK0QI8=,As8vmfzf/ZXlYuDxbYuyzyICzvw=
51,16,VpRuRytDeWgs9kEfgsfBviK0QI8=,As8vmfzf/ZXlYuDxbYuyzyICzvw=
52,19,VpRuRytDeWgs9kEfgsfBviK0QI8=,As8vmfzf/ZXlYuDxbYuyzyICzvw=
62,20,VpRuRytDeWgs9kEfgsfBviK0QI8=,As8vmfzf/ZXlYuDxbYuyzyICzvw=
63,20,VpRuRytDeWgs9kEfgsfBviK0QI8=,As8vmfzf/ZXlYuDxbYuyzyICzvw=
61,20,VpRuRytDeWgs9kEfgsfBviK0QI8=,As8vmfzf/ZXlYuDxbYuyzyICzvw=
63,19,VpRuRytDeWgs9kEfgsfBviK0QI8=,As8vmfzf/ZXlYuDxbYuyzyICzvw=
61,18,VpRuRytDeWgs9kEfgsfBviK0QI8=,As8vmfzf/ZXlYuDxbYuyzyICzvw=
59,20,VpRuRytDeWgs9kEfgsfBviK0QI8=,As8vmfzf/ZXlYuDxbYuyzyICzvw=
62,19,VpRuRytDeWgs9kEfgsfBviK0QI8=,As8vmfzf/ZXlYuDxbYuyzyICzvw=
59,18,VpRuRytDeWgs9kEfgsfBviK0QI8=,As8vmfzf/ZXlYuDxbYuyzyICzvw=
59,19,VpRuRytDeWgs9kEfgsfBviK0QI8=,As8vmfzf/ZXlYuDxbYuyzyICzvw=
59,16,VpRuRytDeWgs9kEfgsfBviK0QI8=,As8vmfzf/ZXlYuDxbYuyzyICzvw=
60,17,VpRuRytDeWgs9kEfgsfBviK0QI8=,As8vmfzf/ZXlYuDxbYuyzyICzvw=
61,16,VpRuRytDeWgs9kEfgsfBviK0QI8=,As8vmfzf/ZXlYuDxbYuyzyICzvw=
63,17,VpRuRytDeWgs9kEfgsfBviK0QI8=,As8vmfzf/ZXlYuDxbYuyzyICzvw=
60,20,VpRuRytDeWgs9kEfgsfBviK0QI8=,As8vmfzf/ZXlYuDxbYuyzyICzvw=
61,19,VpRuRytDeWgs9kEfgsfBviK0QI8=,As8vmfzf/ZXlYuDxbYuyzyICzvw=
62,16,VpRuRytDeWgs9kEfgsfBviK0QI8=,As8vmfzf/ZXlYuDxbYuyzyICzvw=
61,17,VpRuRytDeWgs9kEfgsfBviK0QI8=,As8vmfzf/ZXlYuDxbYuyzyICzvw=
60,19,VpRuRytDeWgs9kEfgsfBviK0QI8=,As8vmfzf/ZXlYuDxbYuyzyICzvw=
62,18,VpRuRytDeWgs9kEfgsfBviK0QI8=,As8vmfzf/ZXlYuDxbYuyzyICzvw=
63,18,VpRuRytDeWgs9kEfgsfBviK0QI8=,As8vmfzf/ZXlYuDxbYuyzyICzvw=
59,17,VpRuRytDeWgs9kEfgsfBviK0QI8=,As8vmfzf/ZXlYuDxbYuyzyICzvw=
60,18,VpRuRytDeWgs9kEfgsfBviK0QI8=,As8vmfzf/ZXlYuDxbYuyzyICzvw=
63,16,VpRuRytDeWgs9kEfgsfBviK0QI8=,As8vmfzf/ZXlYuDxbYuyzyICzvw=
60,16,VpRuRytDeWgs9kEfgsfBviK0QI8=,As8vmfzf/ZXlYuDxbYuyzyICzvw=
62,17,FrOTqMX1oTjevJoGLwS7AQpeLTQ=,As8vmfzf/ZXlYuDxbYuyzyICzvw=
58,14,3I5wXE6+afmyr6pJsRUJ0p/mleQ=,As8vmfzf/ZXlYuDxbYuyzyICzvw=
57,13,3I5wXE6+afmyr6pJsRUJ0p/mleQ=,As8vmfzf/ZXlYuDxbYuyzyICzvw=
58,13,3I5wXE6+afmyr6pJsRUJ0p/mleQ=,As8vmfzf/ZXlYuDxbYuyzyICzvw=
57,14,3I5wXE6+afmyr6pJsRUJ0p/mleQ=,As8vmfzf/ZXlYuDxbYuyzyICzvw=
61,9,3I5wXE6+afmyr6pJsRUJ0p/mleQ=,As8vmfzf/ZXlYuDxbYuyzyICzvw=
62,10,3I5wXE6+afmyr6pJsRUJ0p/mleQ=,As8vmfzf/ZXlYuDxbYuyzyICzvw=
62,9,AtIIUobTymL9/TlIQiyVG1K/PVU=,As8vmfzf/ZXlYuDxbYuyzyICzvw=
61,10,AtIIUobTymL9/TlIQiyVG1K/PVU=,As8vmfzf/ZXlYuDxbYuyzyICzvw=
59,13,AtIIUobTymL9/TlIQiyVG1K/PVU=,As8vmfzf/ZXlYuDxbYuyzyICzvw=
62,11,AtIIUobTymL9/TlIQiyVG1K/PVU=,As8vmfzf/ZXlYuDxbYuyzyICzvw=
62,12,AtIIUobTymL9/TlIQiyVG1K/PVU=,As8vmfzf/ZXlYuDxbYuyzyICzvw=
59,14,AtIIUobTymL9/TlIQiyVG1K/PVU=,As8vmfzf/ZXlYuDxbYuyzyICzvw=
60,14,AtIIUobTymL9/TlIQiyVG1K/PVU=,As8vmfzf/ZXlYuDxbYuyzyICzvw=
60,12,AtIIUobTymL9/TlIQiyVG1K/PVU=,As8vmfzf/ZXlYuDxbYuyzyICzvw=
61,12,AtIIUobTymL9/TlIQiyVG1K/PVU=,As8vmfzf/ZXlYuDxbYuyzyICzvw=
60,10,AtIIUobTymL9/TlIQiyVG1K/PVU=,As8vmfzf/ZXlYuDxbYuyzyICzvw=
60,11,AtIIUobTymL9/TlIQiyVG1K/PVU=,As8vmfzf/ZXlYuDxbYuyzyICzvw=
62,13,AtIIUobTymL9/TlIQiyVG1K/PVU=,As8vmfzf/ZXlYuDxbYuyzyICzvw=
60,13,AtIIUobTymL9/TlIQiyVG1K/PVU=,As8vmfzf/ZXlYuDxbYuyzyICzvw=
61,13,AtIIUobTymL9/TlIQiyVG1K/PVU=,As8vmfzf/ZXlYuDxbYuyzyICzvw=
61,11,AtIIUobTymL9/TlIQiyVG1K/PVU=,As8vmfzf/ZXlYuDxbYuyzyICzvw=
58,10,AtIIUobTymL9/TlIQiyVG1K/PVU=,As8vmfzf/ZXlYuDxbYuyzyICzvw=
59,10,AtIIUobTymL9/TlIQiyVG1K/PVU=,As8vmfzf/ZXlYuDxbYuyzyICzvw=
62,14,AtIIUobTymL9/TlIQiyVG1K/PVU=,As8vmfzf/ZXlYuDxbYuyzyICzvw=
57,11,AtIIUobTymL9/TlIQiyVG1K/PVU=,As8vmfzf/ZXlYuDxbYuyzyICzvw=
58,9,AtIIUobTymL9/TlIQiyVG1K/PVU=,As8vmfzf/ZXlYuDxbYuyzyICzvw=
61,14,AtIIUobTymL9/TlIQiyVG1K/PVU=,As8vmfzf/ZXlYuDxbYuyzyICzvw=
57,9,AtIIUobTymL9/TlIQiyVG1K/PVU=,As8vmfzf/ZXlYuDxbYuyzyICzvw=
57,10,AtIIUobTymL9/TlIQiyVG1K/PVU=,As8vmfzf/ZXlYuDxbYuyzyICzvw=
58,12,AtIIUobTymL9/TlIQiyVG1K/PVU=,As8vmfzf/ZXlYuDxbYuyzyICzvw=
59,11,AtIIUobTymL9/TlIQiyVG1K/PVU=,As8vmfzf/ZXlYuDxbYuyzyICzvw=
60,9,AtIIUobTymL9/TlIQiyVG1K/PVU=,As8vmfzf/ZXlYuDxbYuyzyICzvw=
59,12,AtIIUobTymL9/TlIQiyVG1K/PVU=,As8vmfzf/ZXlYuDxbYuyzyICzvw=
57,12,AtIIUobTymL9/TlIQiyVG1K/PVU=,As8vmfzf/ZXlYuDxbYuyzyICzvw=
58,11,AtIIUobTymL9/TlIQiyVG1K/PVU=,As8vmfzf/ZXlYuDxbYuyzyICzvw=
59,9,AtIIUobTymL9/TlIQiyVG1K/PVU=,As8vmfzf/ZXlYuDxbYuyzyICzvw=
61,6,TXksvy9/HBKwoH882ocC+US2E6s=,As8vmfzf/ZXlYuDxbYuyzyICzvw=
62,6,TXksvy9/HBKwoH882ocC+US2E6s=,As8vmfzf/ZXlYuDxbYuyzyICzvw=
62,5,TXksvy9/HBKwoH882ocC+US2E6s=,As8vmfzf/ZXlYuDxbYuyzyICzvw=
61,5,TXksvy9/HBKwoH882ocC+US2E6s=,As8vmfzf/ZXlYuDxbYuyzyICzvw=
61,7,TXksvy9/HBKwoH882ocC+US2E6s=,As8vmfzf/ZXlYuDxbYuyzyICzvw=
62,8,TXksvy9/HBKwoH882ocC+US2E6s=,As8vmfzf/ZXlYuDxbYuyzyICzvw=
59,6,TXksvy9/HBKwoH882ocC+US2E6s=,As8vmfzf/ZXlYuDxbYuyzyICzvw=
62,7,TXksvy9/HBKwoH882ocC+US2E6s=,As8vmfzf/ZXlYuDxbYuyzyICzvw=
59,8,TXksvy9/HBKwoH882ocC+US2E6s=,As8vmfzf/ZXlYuDxbYuyzyICzvw=
57,7,TXksvy9/HBKwoH882ocC+US2E6s=,As8vmfzf/ZXlYuDxbYuyzyICzvw=
61,8,TXksvy9/HBKwoH882ocC+US2E6s=,As8vmfzf/ZXlYuDxbYuyzyICzvw=
60,6,TXksvy9/HBKwoH882ocC+US2E6s=,As8vmfzf/ZXlYuDxbYuyzyICzvw=
57,8,TXksvy9/HBKwoH882ocC+US2E6s=,As8vmfzf/ZXlYuDxbYuyzyICzvw=
60,5,TXksvy9/HBKwoH882ocC+US2E6s=,As8vmfzf/ZXlYuDxbYuyzyICzvw=
58,8,TXksvy9/HBKwoH882ocC+US2E6s=,As8vmfzf/ZXlYuDxbYuyzyICzvw=
58,7,TXksvy9/HBKwoH882ocC+US2E6s=,As8vmfzf/ZXlYuDxbYuyzyICzvw=
58,6,TXksvy9/HBKwoH882ocC+US2E6s=,As8vmfzf/ZXlYuDxbYuyzyICzvw=
59,5,TXksvy9/HBKwoH882ocC+US2E6s=,As8vmfzf/ZXlYuDxbYuyzyICzvw=
60,8,TXksvy9/HBKwoH882ocC+US2E6s=,As8vmfzf/ZXlYuDxbYuyzyICzvw=
57,6,TXksvy9/HBKwoH882ocC+US2E6s=,As8vmfzf/ZXlYuDxbYuyzyICzvw=
57,5,TXksvy9/HBKwoH882ocC+US2E6s=,As8vmfzf/ZXlYuDxbYuyzyICzvw=
60,7,TXksvy9/HBKwoH882ocC+US2E6s=,As8vmfzf/ZXlYuDxbYuyzyICzvw=
61,1,TXksvy9/HBKwoH882ocC+US2E6s=,vOLUfywMQ11mq5HqlFrnnExbMwY=
58,5,TXksvy9/HBKwoH882ocC+US2E6s=,As8vmfzf/ZXlYuDxbYuyzyICzvw=
62,2,TXksvy9/HBKwoH882ocC+US2E6s=,vOLUfywMQ11mq5HqlFrnnExbMwY=
61,3,TXksvy9/HBKwoH882ocC+US2E6s=,vOLUfywMQ11mq5HqlFrnnExbMwY=
62,4,TXksvy9/HBKwoH882ocC+US2E6s=,As8vmfzf/ZXlYuDxbYuyzyICzvw=
59,7,TXksvy9/HBKwoH882ocC+US2E6s=,As8vmfzf/ZXlYuDxbYuyzyICzvw=
61,2,TXksvy9/HBKwoH882ocC+US2E6s=,vOLUfywMQ11mq5HqlFrnnExbMwY=
62,1,TXksvy9/HBKwoH882ocC+US2E6s=,vOLUfywMQ11mq5HqlFrnnExbMwY=
62,3,TXksvy9/HBKwoH882ocC+US2E6s=,vOLUfywMQ11mq5HqlFrnnExbMwY=
61,4,TXksvy9/HBKwoH882ocC+US2E6s=,As8vmfzf/ZXlYuDxbYuyzyICzvw=
60,1,TXksvy9/HBKwoH882ocC+US2E6s=,vOLUfywMQ11mq5HqlFrnnExbMwY=
59,4,TXksvy9/HBKwoH882ocC+US2E6s=,As8vmfzf/ZXlYuDxbYuyzyICzvw=
59,2,TXksvy9/HBKwoH882ocC+US2E6s=,As8vmfzf/ZXlYuDxbYuyzyICzvw=
59,3,TXksvy9/HBKwoH882ocC+US2E6s=,As8vmfzf/ZXlYuDxbYuyzyICzvw=
60,4,TXksvy9/HBKwoH882ocC+US2E6s=,As8vmfzf/ZXlYuDxbYuyzyICzvw=
60,2,TXksvy9/HBKwoH882ocC+US2E6s=,vOLUfywMQ11mq5HqlFrnnExbMwY=
57,3,TXksvy9/HBKwoH882ocC+US2E6s=,As8vmfzf/ZXlYuDxbYuyzyICzvw=
58,3,TXksvy9/HBKwoH882ocC+US2E6s=,As8vmfzf/ZXlYuDxbYuyzyICzvw=
58,4,TXksvy9/HBKwoH882ocC+US2E6s=,As8vmfzf/ZXlYuDxbYuyzyICzvw=
58,2,TXksvy9/HBKwoH882ocC+US2E6s=,As8vmfzf/ZXlYuDxbYuyzyICzvw=
57,2,TXksvy9/HBKwoH882ocC+US2E6s=,As8vmfzf/ZXlYuDxbYuyzyICzvw=
57,4,TXksvy9/HBKwoH882ocC+US2E6s=,As8vmfzf/ZXlYuDxbYuyzyICzvw=
58,1,TXksvy9/HBKwoH882ocC+US2E6s=,As8vmfzf/ZXlYuDxbYuyzyICzvw=
59,1,TXksvy9/HBKwoH882ocC+US2E6s=,As8vmfzf/ZXlYuDxbYuyzyICzvw=
60,3,TXksvy9/HBKwoH882ocC+US2E6s=,vOLUfywMQ11mq5HqlFrnnExbMwY=
57,1,TXksvy9/HBKwoH882ocC+US2E6s=,As8vmfzf/ZXlYuDxbYuyzyICzvw=
56,5,eqSpijhNIMe8qtnv4iRKerMU3WM=,As8vmfzf/ZXlYuDxbYuyzyICzvw=
56,6,eqSpijhNIMe8qtnv4iRKerMU3WM=,As8vmfzf/ZXlYuDxbYuyzyICzvw=
55,5,eqSpijhNIMe8qtnv4iRKerMU3WM=,As8vmfzf/ZXlYuDxbYuyzyICzvw=
54,6,eqSpijhNIMe8qtnv4iRKerMU3WM=,As8vmfzf/ZXlYuDxbYuyzyICzvw=
53,5,eqSpijhNIMe8qtnv4iRKerMU3WM=,As8vmfzf/ZXlYuDxbYuyzyICzvw=
53,6,eqSpijhNIMe8qtnv4iRKerMU3WM=,As8vmfzf/ZXlYuDxbYuyzyICzvw=
54,5,eqSpijhNIMe8qtnv4iRKerMU3WM=,As8vmfzf/ZXlYuDxbYuyzyICzvw=
55,6,eqSpijhNIMe8qtnv4iRKerMU3WM=,As8vmfzf/ZXlYuDxbYuyzyICzvw=
55,2,eqSpijhNIMe8qtnv4iRKerMU3WM=,4/CYJMgyo3P9qO/QhigSqy1cKpo=
49,1,dP0NwUACmDb0DAorSlPmEk9zaAM=,JIN07gfUriwpQ8zppTXZ8yMpCbk=
53,3,dP0NwUACmDb0DAorSlPmEk9zaAM=,4/CYJMgyo3P9qO/QhigSqy1cKpo=
49,2,dP0NwUACmDb0DAorSlPmEk9zaAM=,JIN07gfUriwpQ8zppTXZ8yMpCbk=
50,1,dP0NwUACmDb0DAorSlPmEk9zaAM=,JIN07gfUriwpQ8zppTXZ8yMpCbk=
50,2,dP0NwUACmDb0DAorSlPmEk9zaAM=,JIN07gfUriwpQ8zppTXZ8yMpCbk=
54,4,dP0NwUACmDb0DAorSlPmEk9zaAM=,As8vmfzf/ZXlYuDxbYuyzyICzvw=
54,2,dP0NwUACmDb0DAorSlPmEk9zaAM=,4/CYJMgyo3P9qO/QhigSqy1cKpo=
53,4,dP0NwUACmDb0DAorSlPmEk9zaAM=,As8vmfzf/ZXlYuDxbYuyzyICzvw=
55,4,dP0NwUACmDb0DAorSlPmEk9zaAM=,As8vmfzf/ZXlYuDxbYuyzyICzvw=
56,3,dP0NwUACmDb0DAorSlPmEk9zaAM=,As8vmfzf/ZXlYuDxbYuyzyICzvw=
53,2,dP0NwUACmDb0DAorSlPmEk9zaAM=,4/CYJMgyo3P9qO/QhigSqy1cKpo=
52,5,dP0NwUACmDb0DAorSlPmEk9zaAM=,As8vmfzf/ZXlYuDxbYuyzyICzvw=
55,1,dP0NwUACmDb0DAorSlPmEk9zaAM=,4/CYJMgyo3P9qO/QhigSqy1cKpo=
52,2,dP0NwUACmDb0DAorSlPmEk9zaAM=,4/CYJMgyo3P9qO/QhigSqy1cKpo=
56,2,dP0NwUACmDb0DAorSlPmEk9zaAM=,As8vmfzf/ZXlYuDxbYuyzyICzvw=
54,3,dP0NwUACmDb0DAorSlPmEk9zaAM=,4/CYJMgyo3P9qO/QhigSqy1cKpo=
56,4,dP0NwUACmDb0DAorSlPmEk9zaAM=,As8vmfzf/ZXlYuDxbYuyzyICzvw=
53,1,dP0NwUACmDb0DAorSlPmEk9zaAM=,4/CYJMgyo3P9qO/QhigSqy1cKpo=
54,1,dP0NwUACmDb0DAorSlPmEk9zaAM=,4/CYJMgyo3P9qO/QhigSqy1cKpo=
55,3,dP0NwUACmDb0DAorSlPmEk9zaAM=,4/CYJMgyo3P9qO/QhigSqy1cKpo=
56,1,dP0NwUACmDb0DAorSlPmEk9zaAM=,As8vmfzf/ZXlYuDxbYuyzyICzvw=
52,4,dP0NwUACmDb0DAorSlPmEk9zaAM=,As8vmfzf/ZXlYuDxbYuyzyICzvw=
51,1,dP0NwUACmDb0DAorSlPmEk9zaAM=,JIN07gfUriwpQ8zppTXZ8yMpCbk=
50,4,dP0NwUACmDb0DAorSlPmEk9zaAM=,As8vmfzf/ZXlYuDxbYuyzyICzvw=
52,1,dP0NwUACmDb0DAorSlPmEk9zaAM=,4/CYJMgyo3P9qO/QhigSqy1cKpo=
49,6,dP0NwUACmDb0DAorSlPmEk9zaAM=,As8vmfzf/ZXlYuDxbYuyzyICzvw=
49,4,dP0NwUACmDb0DAorSlPmEk9zaAM=,As8vmfzf/ZXlYuDxbYuyzyICzvw=
51,2,dP0NwUACmDb0DAorSlPmEk9zaAM=,JIN07gfUriwpQ8zppTXZ8yMpCbk=
51,5,dP0NwUACmDb0DAorSlPmEk9zaAM=,As8vmfzf/ZXlYuDxbYuyzyICzvw=
50,3,dP0NwUACmDb0DAorSlPmEk9zaAM=,JIN07gfUriwpQ8zppTXZ8yMpCbk=
52,3,dP0NwUACmDb0DAorSlPmEk9zaAM=,4/CYJMgyo3P9qO/QhigSqy1cKpo=
51,6,dP0NwUACmDb0DAorSlPmEk9zaAM=,As8vmfzf/ZXlYuDxbYuyzyICzvw=
52,6,dP0NwUACmDb0DAorSlPmEk9zaAM=,As8vmfzf/ZXlYuDxbYuyzyICzvw=
51,3,dP0NwUACmDb0DAorSlPmEk9zaAM=,JIN07gfUriwpQ8zppTXZ8yMpCbk=
50,5,dP0NwUACmDb0DAorSlPmEk9zaAM=,As8vmfzf/ZXlYuDxbYuyzyICzvw=
49,3,dP0NwUACmDb0DAorSlPmEk9zaAM=,JIN07gfUriwpQ8zppTXZ8yMpCbk=
51,4,dP0NwUACmDb0DAorSlPmEk9zaAM=,As8vmfzf/ZXlYuDxbYuyzyICzvw=
49,5,dP0NwUACmDb0DAorSlPmEk9zaAM=,As8vmfzf/ZXlYuDxbYuyzyICzvw=
50,6,dP0NwUACmDb0DAorSlPmEk9zaAM=,As8vmfzf/ZXlYuDxbYuyzyICzvw=
49,13,X/CQkgejTeGi2BbuErdjwONeVsI=,As8vmfzf/ZXlYuDxbYuyzyICzvw=
50,14,X/CQkgejTeGi2BbuErdjwONeVsI=,As8vmfzf/ZXlYuDxbYuyzyICzvw=
50,13,X/CQkgejTeGi2BbuErdjwONeVsI=,As8vmfzf/ZXlYuDxbYuyzyICzvw=
55,7,X/CQkgejTeGi2BbuErdjwONeVsI=,As8vmfzf/ZXlYuDxbYuyzyICzvw=
49,14,X/CQkgejTeGi2BbuErdjwONeVsI=,As8vmfzf/ZXlYuDxbYuyzyICzvw=
56,8,X/CQkgejTeGi2BbuErdjwONeVsI=,As8vmfzf/ZXlYuDxbYuyzyICzvw=
53,7,X/CQkgejTeGi2BbuErdjwONeVsI=,As8vmfzf/ZXlYuDxbYuyzyICzvw=
54,8,X/CQkgejTeGi2BbuErdjwONeVsI=,As8vmfzf/ZXlYuDxbYuyzyICzvw=
53,8,X/CQkgejTeGi2BbuErdjwONeVsI=,As8vmfzf/ZXlYuDxbYuyzyICzvw=
56,9,X/CQkgejTeGi2BbuErdjwONeVsI=,As8vmfzf/ZXlYuDxbYuyzyICzvw=
55,8,X/CQkgejTeGi2BbuErdjwONeVsI=,As8vmfzf/ZXlYuDxbYuyzyICzvw=
54,7,X/CQkgejTeGi2BbuErdjwONeVsI=,As8vmfzf/ZXlYuDxbYuyzyICzvw=
56,10,X/CQkgejTeGi2BbuErdjwONeVsI=,As8vmfzf/ZXlYuDxbYuyzyICzvw=
53,9,X/CQkgejTeGi2BbuErdjwONeVsI=,As8vmfzf/ZXlYuDxbYuyzyICzvw=
55,10,X/CQkgejTeGi2BbuErdjwONeVsI=,As8vmfzf/ZXlYuDxbYuyzyICzvw=
56,7,X/CQkgejTeGi2BbuErdjwONeVsI=,As8vmfzf/ZXlYuDxbYuyzyICzvw=
55,9,X/CQkgejTeGi2BbuErdjwONeVsI=,As8vmfzf/ZXlYuDxbYuyzyICzvw=
53,10,X/CQkgejTeGi2BbuErdjwONeVsI=,As8vmfzf/ZXlYuDxbYuyzyICzvw=
54,9,X/CQkgejTeGi2BbuErdjwONeVsI=,As8vmfzf/ZXlYuDxbYuyzyICzvw=
54,10,X/CQkgejTeGi2BbuErdjwONeVsI=,As8vmfzf/ZXlYuDxbYuyzyICzvw=
54,14,X/CQkgejTeGi2BbuErdjwONeVsI=,As8vmfzf/ZXlYuDxbYuyzyICzvw=
52,14,X/CQkgejTeGi2BbuErdjwONeVsI=,As8vmfzf/ZXlYuDxbYuyzyICzvw=
52,13,X/CQkgejTeGi2BbuErdjwONeVsI=,As8vmfzf/ZXlYuDxbYuyzyICzvw=
51,14,X/CQkgejTeGi2BbuErdjwONeVsI=,As8vmfzf/ZXlYuDxbYuyzyICzvw=
54,12,X/CQkgejTeGi2BbuErdjwONeVsI=,As8vmfzf/ZXlYuDxbYuyzyICzvw=
55,11,X/CQkgejTeGi2BbuErdjwONeVsI=,As8vmfzf/ZXlYuDxbYuyzyICzvw=
53,11,X/CQkgejTeGi2BbuErdjwONeVsI=,As8vmfzf/ZXlYuDxbYuyzyICzvw=
56,14,X/CQkgejTeGi2BbuErdjwONeVsI=,As8vmfzf/ZXlYuDxbYuyzyICzvw=
54,13,X/CQkgejTeGi2BbuErdjwONeVsI=,As8vmfzf/ZXlYuDxbYuyzyICzvw=
54,11,X/CQkgejTeGi2BbuErdjwONeVsI=,As8vmfzf/ZXlYuDxbYuyzyICzvw=
55,14,X/CQkgejTeGi2BbuErdjwONeVsI=,As8vmfzf/ZXlYuDxbYuyzyICzvw=
56,11,X/CQkgejTeGi2BbuErdjwONeVsI=,As8vmfzf/ZXlYuDxbYuyzyICzvw=
53,14,X/CQkgejTeGi2BbuErdjwONeVsI=,As8vmfzf/ZXlYuDxbYuyzyICzvw=
53,13,X/CQkgejTeGi2BbuErdjwONeVsI=,As8vmfzf/ZXlYuDxbYuyzyICzvw=
55,13,X/CQkgejTeGi2BbuErdjwONeVsI=,As8vmfzf/ZXlYuDxbYuyzyICzvw=
56,13,X/CQkgejTeGi2BbuErdjwONeVsI=,As8vmfzf/ZXlYuDxbYuyzyICzvw=
56,12,X/CQkgejTeGi2BbuErdjwONeVsI=,As8vmfzf/ZXlYuDxbYuyzyICzvw=
52,9,X/CQkgejTeGi2BbuErdjwONeVsI=,As8vmfzf/ZXlYuDxbYuyzyICzvw=
51,11,X/CQkgejTeGi2BbuErdjwONeVsI=,As8vmfzf/ZXlYuDxbYuyzyICzvw=
53,12,X/CQkgejTeGi2BbuErdjwONeVsI=,As8vmfzf/ZXlYuDxbYuyzyICzvw=
49,9,X/CQkgejTeGi2BbuErdjwONeVsI=,As8vmfzf/ZXlYuDxbYuyzyICzvw=
49,8,X/CQkgejTeGi2BbuErdjwONeVsI=,As8vmfzf/ZXlYuDxbYuyzyICzvw=
48,5,X/CQkgejTeGi2BbuErdjwONeVsI=,As8vmfzf/ZXlYuDxbYuyzyICzvw=
49,12,X/CQkgejTeGi2BbuErdjwONeVsI=,As8vmfzf/ZXlYuDxbYuyzyICzvw=
51,13,X/CQkgejTeGi2BbuErdjwONeVsI=,As8vmfzf/ZXlYuDxbYuyzyICzvw=
52,7,X/CQkgejTeGi2BbuErdjwONeVsI=,As8vmfzf/ZXlYuDxbYuyzyICzvw=
55,12,X/CQkgejTeGi2BbuErdjwONeVsI=,As8vmfzf/ZXlYuDxbYuyzyICzvw=
50,11,X/CQkgejTeGi2BbuErdjwONeVsI=,As8vmfzf/ZXlYuDxbYuyzyICzvw=
52,11,X/CQkgejTeGi2BbuErdjwONeVsI=,As8vmfzf/ZXlYuDxbYuyzyICzvw=
49,11,X/CQkgejTeGi2BbuErdjwONeVsI=,As8vmfzf/ZXlYuDxbYuyzyICzvw=
49,7,X/CQkgejTeGi2BbuErdjwONeVsI=,As8vmfzf/ZXlYuDxbYuyzyICzvw=
50,12,X/CQkgejTeGi2BbuErdjwONeVsI=,As8vmfzf/ZXlYuDxbYuyzyICzvw=
50,9,X/CQkgejTeGi2BbuErdjwONeVsI=,As8vmfzf/ZXlYuDxbYuyzyICzvw=
52,10,X/CQkgejTeGi2BbuErdjwONeVsI=,As8vmfzf/ZXlYuDxbYuyzyICzvw=
50,8,X/CQkgejTeGi2BbuErdjwONeVsI=,As8vmfzf/ZXlYuDxbYuyzyICzvw=
52,8,X/CQkgejTeGi2BbuErdjwONeVsI=,As8vmfzf/ZXlYuDxbYuyzyICzvw=
48,9,X/CQkgejTeGi2BbuErdjwONeVsI=,As8vmfzf/ZXlYuDxbYuyzyICzvw=
51,9,X/CQkgejTeGi2BbuErdjwONeVsI=,As8vmfzf/ZXlYuDxbYuyzyICzvw=
51,8,X/CQkgejTeGi2BbuErdjwONeVsI=,As8vmfzf/ZXlYuDxbYuyzyICzvw=
48,6,X/CQkgejTeGi2BbuErdjwONeVsI=,As8vmfzf/ZXlYuDxbYuyzyICzvw=
51,10,X/CQkgejTeGi2BbuErdjwONeVsI=,As8vmfzf/ZXlYuDxbYuyzyICzvw=
48,7,X/CQkgejTeGi2BbuErdjwONeVsI=,As8vmfzf/ZXlYuDxbYuyzyICzvw=
51,7,X/CQkgejTeGi2BbuErdjwONeVsI=,As8vmfzf/ZXlYuDxbYuyzyICzvw=
48,8,X/CQkgejTeGi2BbuErdjwONeVsI=,As8vmfzf/ZXlYuDxbYuyzyICzvw=
49,10,X/CQkgejTeGi2BbuErdjwONeVsI=,As8vmfzf/ZXlYuDxbYuyzyICzvw=
52,12,X/CQkgejTeGi2BbuErdjwONeVsI=,As8vmfzf/ZXlYuDxbYuyzyICzvw=
48,10,X/CQkgejTeGi2BbuErdjwONeVsI=,As8vmfzf/ZXlYuDxbYuyzyICzvw=
50,10,X/CQkgejTeGi2BbuErdjwONeVsI=,As8vmfzf/ZXlYuDxbYuyzyICzvw=
51,12,X/CQkgejTeGi2BbuErdjwONeVsI=,As8vmfzf/ZXlYuDxbYuyzyICzvw=
50,7,X/CQkgejTeGi2BbuErdjwONeVsI=,As8vmfzf/ZXlYuDxbYuyzyICzvw=
48,2,X/CQkgejTeGi2BbuErdjwONeVsI=,JIN07gfUriwpQ8zppTXZ8yMpCbk=
48,4,X/CQkgejTeGi2BbuErdjwONeVsI=,As8vmfzf/ZXlYuDxbYuyzyICzvw=
48,3,X/CQkgejTeGi2BbuErdjwONeVsI=,JIN07gfUriwpQ8zppTXZ8yMpCbk=
48,1,X/CQkgejTeGi2BbuErdjwONeVsI=,JIN07gfUriwpQ8zppTXZ8yMpCbk=
62,0,97u40VQxR4/w74t0djBbaKdm790=,vOLUfywMQ11mq5HqlFrnnExbMwY=
55,0,97u40VQxR4/w74t0djBbaKdm790=,4/CYJMgyo3P9qO/QhigSqy1cKpo=
60,0,97u40VQxR4/w74t0djBbaKdm790=,vOLUfywMQ11mq5HqlFrnnExbMwY=
61,0,97u40VQxR4/w74t0djBbaKdm790=,vOLUfywMQ11mq5HqlFrnnExbMwY=
57,0,97u40VQxR4/w74t0djBbaKdm790=,As8vmfzf/ZXlYuDxbYuyzyICzvw=
51,0,97u40VQxR4/w74t0djBbaKdm790=,JIN07gfUriwpQ8zppTXZ8yMpCbk=
52,0,97u40VQxR4/w74t0djBbaKdm790=,4/CYJMgyo3P9qO/QhigSqy1cKpo=
50,0,97u40VQxR4/w74t0djBbaKdm790=,JIN07gfUriwpQ8zppTXZ8yMpCbk=
54,0,97u40VQxR4/w74t0djBbaKdm790=,4/CYJMgyo3P9qO/QhigSqy1cKpo=
53,0,97u40VQxR4/w74t0djBbaKdm790=,4/CYJMgyo3P9qO/QhigSqy1cKpo=
56,0,97u40VQxR4/w74t0djBbaKdm790=,As8vmfzf/ZXlYuDxbYuyzyICzvw=
59,0,97u40VQxR4/w74t0djBbaKdm790=,As8vmfzf/ZXlYuDxbYuyzyICzvw=
49,0,97u40VQxR4/w74t0djBbaKdm790=,JIN07gfUriwpQ8zppTXZ8yMpCbk=
58,0,97u40VQxR4/w74t0djBbaKdm790=,As8vmfzf/ZXlYuDxbYuyzyICzvw=
63,2,97u40VQxR4/w74t0djBbaKdm790=,vOLUfywMQ11mq5HqlFrnnExbMwY=
63,1,97u40VQxR4/w74t0djBbaKdm790=,vOLUfywMQ11mq5HqlFrnnExbMwY=
63,12,97u40VQxR4/w74t0djBbaKdm790=,As8vmfzf/ZXlYuDxbYuyzyICzvw=
63,5,97u40VQxR4/w74t0djBbaKdm790=,As8vmfzf/ZXlYuDxbYuyzyICzvw=
63,13,97u40VQxR4/w74t0djBbaKdm790=,As8vmfzf/ZXlYuDxbYuyzyICzvw=
63,11,97u40VQxR4/w74t0djBbaKdm790=,As8vmfzf/ZXlYuDxbYuyzyICzvw=
63,10,97u40VQxR4/w74t0djBbaKdm790=,As8vmfzf/ZXlYuDxbYuyzyICzvw=
63,7,97u40VQxR4/w74t0djBbaKdm790=,As8vmfzf/ZXlYuDxbYuyzyICzvw=
63,3,97u40VQxR4/w74t0djBbaKdm790=,vOLUfywMQ11mq5HqlFrnnExbMwY=
63,8,97u40VQxR4/w74t0djBbaKdm790=,As8vmfzf/ZXlYuDxbYuyzyICzvw=
63,6,97u40VQxR4/w74t0djBbaKdm790=,As8vmfzf/ZXlYuDxbYuyzyICzvw=
63,9,97u40VQxR4/w74t0djBbaKdm790=,As8vmfzf/ZXlYuDxbYuyzyICzvw=
63,14,97u40VQxR4/w74t0djBbaKdm790=,As8vmfzf/ZXlYuDxbYuyzyICzvw=
63,4,97u40VQxR4/w74t0djBbaKdm790=,As8vmfzf/ZXlYuDxbYuyzyICzvw=
63,0,97u40VQxR4/w74t0djBbaKdm790=,vOLUfywMQ11mq5HqlFrnnExbMwY=
57,15,97u40VQxR4/w74t0djBbaKdm790=,As8vmfzf/ZXlYuDxbYuyzyICzvw=
61,15,97u40VQxR4/w74t0djBbaKdm790=,As8vmfzf/ZXlYuDxbYuyzyICzvw=
58,15,97u40VQxR4/w74t0djBbaKdm790=,As8vmfzf/ZXlYuDxbYuyzyICzvw=
60,15,97u40VQxR4/w74t0djBbaKdm790=,As8vmfzf/ZXlYuDxbYuyzyICzvw=
56,15,97u40VQxR4/w74t0djBbaKdm790=,As8vmfzf/ZXlYuDxbYuyzyICzvw=
55,15,97u40VQxR4/w74t0djBbaKdm790=,As8vmfzf/ZXlYuDxbYuyzyICzvw=
54,15,97u40VQxR4/w74t0djBbaKdm790=,As8vmfzf/ZXlYuDxbYuyzyICzvw=
62,15,97u40VQxR4/w74t0djBbaKdm790=,As8vmfzf/ZXlYuDxbYuyzyICzvw=
59,15,97u40VQxR4/w74t0djBbaKdm790=,As8vmfzf/ZXlYuDxbYuyzyICzvw=
53,15,97u40VQxR4/w74t0djBbaKdm790=,As8vmfzf/ZXlYuDxbYuyzyICzvw=
52,15,97u40VQxR4/w74t0djBbaKdm790=,As8vmfzf/ZXlYuDxbYuyzyICzvw=
50,15,97u40VQxR4/w74t0djBbaKdm790=,As8vmfzf/ZXlYuDxbYuyzyICzvw=
49,15,97u40VQxR4/w74t0djBbaKdm790=,As8vmfzf/ZXlYuDxbYuyzyICzvw=
51,15,97u40VQxR4/w74t0djBbaKdm790=,As8vmfzf/ZXlYuDxbYuyzyICzvw=
63,15,97u40VQxR4/w74t0djBbaKdm790=,As8vmfzf/ZXlYuDxbYuyzyICzvw=
48,11,97u40VQxR4/w74t0djBbaKdm790=,As8vmfzf/ZXlYuDxbYuyzyICzvw=
48,15,97u40VQxR4/w74t0djBbaKdm790=,As8vmfzf/ZXlYuDxbYuyzyICzvw=
48,12,97u40VQxR4/w74t0djBbaKdm790=,As8vmfzf/ZXlYuDxbYuyzyICzvw=
48,14,97u40VQxR4/w74t0djBbaKdm790=,As8vmfzf/ZXlYuDxbYuyzyICzvw=
48,13,97u40VQxR4/w74t0djBbaKdm790=,As8vmfzf/ZXlYuDxbYuyzyICzvw=
48,0,97u40VQxR4/w74t0djBbaKdm790=,JIN07gfUriwpQ8zppTXZ8yMpCbk=
