-3,6,RftxyKXHc/if/0iI21siKODwhXo=,61MsH3cS33jynpv+h/qz0m3KYCA=
-6,7,RftxyKXHc/if/0iI21siKODwhXo=,61MsH3cS33jynpv+h/qz0m3KYCA=
-5,7,RftxyKXHc/if/0iI21siKODwhXo=,61MsH3cS33jynpv+h/qz0m3KYCA=
-4,6,RftxyKXHc/if/0iI21siKODwhXo=,61MsH3cS33jynpv+h/qz0m3KYCA=
-5,5,RftxyKXHc/if/0iI21siKODwhXo=,61MsH3cS33jynpv+h/qz0m3KYCA=
-7,4,RftxyKXHc/if/0iI21siKODwhXo=,61MsH3cS33jynpv+h/qz0m3KYCA=
-7,7,RftxyKXHc/if/0iI21siKODwhXo=,61MsH3cS33jynpv+h/qz0m3KYCA=
-7,3,RftxyKXHc/if/0iI21siKODwhXo=,61MsH3cS33jynpv+h/qz0m3KYCA=
-8,4,RftxyKXHc/if/0iI21siKODwhXo=,61MsH3cS33jynpv+h/qz0m3KYCA=
-8,7,RftxyKXHc/if/0iI21siKODwhXo=,61MsH3cS33jynpv+h/qz0m3KYCA=
-5,6,RftxyKXHc/if/0iI21siKODwhXo=,61MsH3cS33jynpv+h/qz0m3KYCA=
-7,2,RftxyKXHc/if/0iI21siKODwhXo=,61MsH3cS33jynpv+h/qz0m3KYCA=
-8,3,RftxyKXHc/if/0iI21siKODwhXo=,61MsH3cS33jynpv+h/qz0m3KYCA=
-6,5,RftxyKXHc/if/0iI21siKODwhXo=,61MsH3cS33jynpv+h/qz0m3KYCA=
-3,2,RftxyKXHc/if/0iI21siKODwhXo=,61MsH3cS33jynpv+h/qz0m3KYCA=
-1,2,RftxyKXHc/if/0iI21siKODwhXo=,61MsH3cS33jynpv+h/qz0m3KYCA=
-4,3,RftxyKXHc/if/0iI21siKODwhXo=,61MsH3cS33jynpv+h/qz0m3KYCA=
-6,6,RftxyKXHc/if/0iI21siKODwhXo=,61MsH3cS33jynpv+h/qz0m3KYCA=
-5,3,RftxyKXHc/if/0iI21siKODwhXo=,61MsH3cS33jynpv+h/qz0m3KYCA=
-7,5,RftxyKXHc/if/0iI21siKODwhXo=,61MsH3cS33jynpv+h/qz0m3KYCA=
-7,6,RftxyKXHc/if/0iI21siKODwhXo=,61MsH3cS33jynpv+h/qz0m3KYCA=
-8,0,RftxyKXHc/if/0iI21siKODwhXo=,61MsH3cS33jynpv+h/qz0m3KYCA=
-8,5,RftxyKXHc/if/0iI21siKODwhXo=,61MsH3cS33jynpv+h/qz0m3KYCA=
-1,3,RftxyKXHc/if/0iI21siKODwhXo=,61MsH3cS33jynpv+h/qz0m3KYCA=
-2,2,RftxyKXHc/if/0iI21siKODwhXo=,61MsH3cS33jynpv+h/qz0m3KYCA=
-1,6,RftxyKXHc/if/0iI21siKODwhXo=,61MsH3cS33jynpv+h/qz0m3KYCA=
-2,4,RftxyKXHc/if/0iI21siKODwhXo=,61MsH3cS33jynpv+h/qz0m3KYCA=
-1,4,RftxyKXHc/if/0iI21siKODwhXo=,61MsH3cS33jynpv+h/qz0m3KYCA=
-4,5,RftxyKXHc/if/0iI21siKODwhXo=,61MsH3cS33jynpv+h/qz0m3KYCA=
-2,6,RftxyKXHc/if/0iI21siKODwhXo=,61MsH3cS33jynpv+h/qz0m3KYCA=
-3,4,RftxyKXHc/if/0iI21siKODwhXo=,61MsH3cS33jynpv+h/qz0m3KYCA=
-3,3,RftxyKXHc/if/0iI21siKODwhXo=,61MsH3cS33jynpv+h/qz0m3KYCA=
-2,3,RftxyKXHc/if/0iI21siKODwhXo=,61MsH3cS33jynpv+h/qz0m3KYCA=
-5,2,RftxyKXHc/if/0iI21siKODwhXo=,61MsH3cS33jynpv+h/qz0m3KYCA=
-4,4,RftxyKXHc/if/0iI21siKODwhXo=,61MsH3cS33jynpv+h/qz0m3KYCA=
-4,2,RftxyKXHc/if/0iI21siKODwhXo=,61MsH3cS33jynpv+h/qz0m3KYCA=
-7,1,RftxyKXHc/if/0iI21siKODwhXo=,61MsH3cS33jynpv+h/qz0m3KYCA=
-6,4,RftxyKXHc/if/0iI21siKODwhXo=,61MsH3cS33jynpv+h/qz0m3KYCA=
-8,1,RftxyKXHc/if/0iI21siKODwhXo=,61MsH3cS33jynpv+h/qz0m3KYCA=
-6,1,RftxyKXHc/if/0iI21siKODwhXo=,61MsH3cS33jynpv+h/qz0m3KYCA=
-2,1,RftxyKXHc/if/0iI21siKODwhXo=,61MsH3cS33jynpv+h/qz0m3KYCA=
-6,2,RftxyKXHc/if/0iI21siKODwhXo=,61MsH3cS33jynpv+h/qz0m3KYCA=
-5,1,RftxyKXHc/if/0iI21siKODwhXo=,61MsH3cS33jynpv+h/qz0m3KYCA=
-1,7,RftxyKXHc/if/0iI21siKODwhXo=,61MsH3cS33jynpv+h/qz0m3KYCA=
-5,0,RftxyKXHc/if/0iI21siKODwhXo=,61MsH3cS33jynpv+h/qz0m3KYCA=
-7,0,RftxyKXHc/if/0iI21siKODwhXo=,61MsH3cS33jynpv+h/qz0m3KYCA=
-2,7,RftxyKXHc/if/0iI21siKODwhXo=,61MsH3cS33jynpv+h/qz0m3KYCA=
-6,3,RftxyKXHc/if/0iI21siKODwhXo=,61MsH3cS33jynpv+h/qz0m3KYCA=
-6,0,RftxyKXHc/if/0iI21siKODwhXo=,61MsH3cS33jynpv+h/qz0m3KYCA=
-8,2,RftxyKXHc/if/0iI21siKODwhXo=,61MsH3cS33jynpv+h/qz0m3KYCA=
-3,7,RftxyKXHc/if/0iI21siKODwhXo=,61MsH3cS33jynpv+h/qz0m3KYCA=
-8,6,RftxyKXHc/if/0iI21siKODwhXo=,61MsH3cS33jynpv+h/qz0m3KYCA=
-4,7,RftxyKXHc/if/0iI21siKODwhXo=,61MsH3cS33jynpv+h/qz0m3KYCA=
-1,1,RftxyKXHc/if/0iI21siKODwhXo=,61MsH3cS33jynpv+h/qz0m3KYCA=
-4,0,RftxyKXHc/if/0iI21siKODwhXo=,61MsH3cS33jynpv+h/qz0m3KYCA=
-1,5,RftxyKXHc/if/0iI21siKODwhXo=,61MsH3cS33jynpv+h/qz0m3KYCA=
-2,5,RftxyKXHc/if/0iI21siKODwhXo=,61MsH3cS33jynpv+h/qz0m3KYCA=
-3,0,RftxyKXHc/if/0iI21siKODwhXo=,61MsH3cS33jynpv+h/qz0m3KYCA=
-3,1,RftxyKXHc/if/0iI21siKODwhXo=,61MsH3cS33jynpv+h/qz0m3KYCA=
-4,1,RftxyKXHc/if/0iI21siKODwhXo=,61MsH3cS33jynpv+h/qz0m3KYCA=
-5,4,RftxyKXHc/if/0iI21siKODwhXo=,61MsH3cS33jynpv+h/qz0m3KYCA=
-2,0,RftxyKXHc/if/0iI21siKODwhXo=,61MsH3cS33jynpv+h/qz0m3KYCA=
-1,0,RftxyKXHc/if/0iI21siKODwhXo=,61MsH3cS33jynpv+h/qz0m3KYCA=
-3,5,RftxyKXHc/if/0iI21siKODwhXo=,61MsH3cS33jynpv+h/qz0m3KYCA=
