126,-74,/lIfnYHKBzsTfBOEO/wHUX59d4U=,DcW2jxIrI3/eRGY97X6xmaiQYJk=
125,-74,/lIfnYHKBzsTfBOEO/wHUX59d4U=,DcW2jxIrI3/eRGY97X6xmaiQYJk=
124,-74,/lIfnYHKBzsTfBOEO/wHUX59d4U=,DcW2jxIrI3/eRGY97X6xmaiQYJk=
126,-75,/lIfnYHKBzsTfBOEO/wHUX59d4U=,DcW2jxIrI3/eRGY97X6xmaiQYJk=
125,-75,/lIfnYHKBzsTfBOEO/wHUX59d4U=,DcW2jxIrI3/eRGY97X6xmaiQYJk=
124,-75,/lIfnYHKBzsTfBOEO/wHUX59d4U=,DcW2jxIrI3/eRGY97X6xmaiQYJk=
121,-74,/lIfnYHKBzsTfBOEO/wHUX59d4U=,DcW2jxIrI3/eRGY97X6xmaiQYJk=
125,-76,/lIfnYHKBzsTfBOEO/wHUX59d4U=,DcW2jxIrI3/eRGY97X6xmaiQYJk=
124,-76,/lIfnYHKBzsTfBOEO/wHUX59d4U=,DcW2jxIrI3/eRGY97X6xmaiQYJk=
123,-76,/lIfnYHKBzsTfBOEO/wHUX59d4U=,DcW2jxIrI3/eRGY97X6xmaiQYJk=
126,-76,/lIfnYHKBzsTfBOEO/wHUX59d4U=,DcW2jxIrI3/eRGY97X6xmaiQYJk=
123,-75,/lIfnYHKBzsTfBOEO/wHUX59d4U=,DcW2jxIrI3/eRGY97X6xmaiQYJk=
126,-77,/lIfnYHKBzsTfBOEO/wHUX59d4U=,DcW2jxIrI3/eRGY97X6xmaiQYJk=
122,-74,/lIfnYHKBzsTfBOEO/wHUX59d4U=,DcW2jxIrI3/eRGY97X6xmaiQYJk=
124,-77,/lIfnYHKBzsTfBOEO/wHUX59d4U=,DcW2jxIrI3/eRGY97X6xmaiQYJk=
123,-77,/lIfnYHKBzsTfBOEO/wHUX59d4U=,DcW2jxIrI3/eRGY97X6xmaiQYJk=
122,-75,/lIfnYHKBzsTfBOEO/wHUX59d4U=,DcW2jxIrI3/eRGY97X6xmaiQYJk=
125,-78,/lIfnYHKBzsTfBOEO/wHUX59d4U=,DcW2jxIrI3/eRGY97X6xmaiQYJk=
126,-78,/lIfnYHKBzsTfBOEO/wHUX59d4U=,DcW2jxIrI3/eRGY97X6xmaiQYJk=
124,-78,/lIfnYHKBzsTfBOEO/wHUX59d4U=,DcW2jxIrI3/eRGY97X6xmaiQYJk=
123,-78,/lIfnYHKBzsTfBOEO/wHUX59d4U=,DcW2jxIrI3/eRGY97X6xmaiQYJk=
126,-79,/lIfnYHKBzsTfBOEO/wHUX59d4U=,DcW2jxIrI3/eRGY97X6xmaiQYJk=
125,-79,/lIfnYHKBzsTfBOEO/wHUX59d4U=,DcW2jxIrI3/eRGY97X6xmaiQYJk=
124,-79,/lIfnYHKBzsTfBOEO/wHUX59d4U=,DcW2jxIrI3/eRGY97X6xmaiQYJk=
123,-79,/lIfnYHKBzsTfBOEO/wHUX59d4U=,DcW2jxIrI3/eRGY97X6xmaiQYJk=
122,-76,/lIfnYHKBzsTfBOEO/wHUX59d4U=,DcW2jxIrI3/eRGY97X6xmaiQYJk=
122,-78,/lIfnYHKBzsTfBOEO/wHUX59d4U=,DcW2jxIrI3/eRGY97X6xmaiQYJk=
123,-74,/lIfnYHKBzsTfBOEO/wHUX59d4U=,DcW2jxIrI3/eRGY97X6xmaiQYJk=
122,-77,/lIfnYHKBzsTfBOEO/wHUX59d4U=,DcW2jxIrI3/eRGY97X6xmaiQYJk=
121,-75,/lIfnYHKBzsTfBOEO/wHUX59d4U=,DcW2jxIrI3/eRGY97X6xmaiQYJk=
121,-77,/lIfnYHKBzsTfBOEO/wHUX59d4U=,DcW2jxIrI3/eRGY97X6xmaiQYJk=
121,-78,/lIfnYHKBzsTfBOEO/wHUX59d4U=,DcW2jxIrI3/eRGY97X6xmaiQYJk=
125,-77,/lIfnYHKBzsTfBOEO/wHUX59d4U=,DcW2jxIrI3/eRGY97X6xmaiQYJk=
121,-79,/lIfnYHKBzsTfBOEO/wHUX59d4U=,DcW2jxIrI3/eRGY97X6xmaiQYJk=
122,-79,/lIfnYHKBzsTfBOEO/wHUX59d4U=,DcW2jxIrI3/eRGY97X6xmaiQYJk=
121,-76,/lIfnYHKBzsTfBOEO/wHUX59d4U=,DcW2jxIrI3/eRGY97X6xmaiQYJk=
127,-74,27o6ZGcQc2B7UE1Gfy+7EEiowBI=,DcW2jxIrI3/eRGY97X6xmaiQYJk=
127,-79,27o6ZGcQc2B7UE1Gfy+7EEiowBI=,DcW2jxIrI3/eRGY97X6xmaiQYJk=
127,-78,27o6ZGcQc2B7UE1Gfy+7EEiowBI=,DcW2jxIrI3/eRGY97X6xmaiQYJk=
127,-77,27o6ZGcQc2B7UE1Gfy+7EEiowBI=,DcW2jxIrI3/eRGY97X6xmaiQYJk=
127,-76,27o6ZGcQc2B7UE1Gfy+7EEiowBI=,DcW2jxIrI3/eRGY97X6xmaiQYJk=
127,-75,27o6ZGcQc2B7UE1Gfy+7EEiowBI=,DcW2jxIrI3/eRGY97X6xmaiQYJk=
126,-80,27o6ZGcQc2B7UE1Gfy+7EEiowBI=,DcW2jxIrI3/eRGY97X6xmaiQYJk=
125,-80,27o6ZGcQc2B7UE1Gfy+7EEiowBI=,DcW2jxIrI3/eRGY97X6xmaiQYJk=
124,-80,27o6ZGcQc2B7UE1Gfy+7EEiowBI=,DcW2jxIrI3/eRGY97X6xmaiQYJk=
123,-80,27o6ZGcQc2B7UE1Gfy+7EEiowBI=,DcW2jxIrI3/eRGY97X6xmaiQYJk=
122,-80,27o6ZGcQc2B7UE1Gfy+7EEiowBI=,DcW2jxIrI3/eRGY97X6xmaiQYJk=
121,-80,27o6ZGcQc2B7UE1Gfy+7EEiowBI=,DcW2jxIrI3/eRGY97X6xmaiQYJk=
127,-80,27o6ZGcQc2B7UE1Gfy+7EEiowBI=,DcW2jxIrI3/eRGY97X6xmaiQYJk=
126,-67,27o6ZGcQc2B7UE1Gfy+7EEiowBI=,VL5nV8UpOX7Q0aSnmLCVOucIrWY=
123,-66,27o6ZGcQc2B7UE1Gfy+7EEiowBI=,VL5nV8UpOX7Q0aSnmLCVOucIrWY=
123,-65,27o6ZGcQc2B7UE1Gfy+7EEiowBI=,VL5nV8UpOX7Q0aSnmLCVOucIrWY=
124,-66,27o6ZGcQc2B7UE1Gfy+7EEiowBI=,VL5nV8UpOX7Q0aSnmLCVOucIrWY=
125,-66,Iah0V8tOzhf6//89cQ07Gtzf5Pg=,VL5nV8UpOX7Q0aSnmLCVOucIrWY=
127,-66,Iah0V8tOzhf6//89cQ07Gtzf5Pg=,VL5nV8UpOX7Q0aSnmLCVOucIrWY=
127,-69,Iah0V8tOzhf6//89cQ07Gtzf5Pg=,VL5nV8UpOX7Q0aSnmLCVOucIrWY=
127,-68,Iah0V8tOzhf6//89cQ07Gtzf5Pg=,VL5nV8UpOX7Q0aSnmLCVOucIrWY=
126,-66,Iah0V8tOzhf6//89cQ07Gtzf5Pg=,VL5nV8UpOX7Q0aSnmLCVOucIrWY=
121,-73,Iah0V8tOzhf6//89cQ07Gtzf5Pg=,DcW2jxIrI3/eRGY97X6xmaiQYJk=
125,-67,Iah0V8tOzhf6//89cQ07Gtzf5Pg=,VL5nV8UpOX7Q0aSnmLCVOucIrWY=
122,-73,Iah0V8tOzhf6//89cQ07Gtzf5Pg=,DcW2jxIrI3/eRGY97X6xmaiQYJk=
121,-69,Iah0V8tOzhf6//89cQ07Gtzf5Pg=,VL5nV8UpOX7Q0aSnmLCVOucIrWY=
124,-65,Iah0V8tOzhf6//89cQ07Gtzf5Pg=,VL5nV8UpOX7Q0aSnmLCVOucIrWY=
122,-65,Iah0V8tOzhf6//89cQ07Gtzf5Pg=,VL5nV8UpOX7Q0aSnmLCVOucIrWY=
126,-69,Iah0V8tOzhf6//89cQ07Gtzf5Pg=,VL5nV8UpOX7Q0aSnmLCVOucIrWY=
127,-70,Iah0V8tOzhf6//89cQ07Gtzf5Pg=,VL5nV8UpOX7Q0aSnmLCVOucIrWY=
121,-65,Iah0V8tOzhf6//89cQ07Gtzf5Pg=,VL5nV8UpOX7Q0aSnmLCVOucIrWY=
122,-66,Iah0V8tOzhf6//89cQ07Gtzf5Pg=,VL5nV8UpOX7Q0aSnmLCVOucIrWY=
124,-73,Iah0V8tOzhf6//89cQ07Gtzf5Pg=,DcW2jxIrI3/eRGY97X6xmaiQYJk=
127,-67,Iah0V8tOzhf6//89cQ07Gtzf5Pg=,VL5nV8UpOX7Q0aSnmLCVOucIrWY=
125,-73,Iah0V8tOzhf6//89cQ07Gtzf5Pg=,DcW2jxIrI3/eRGY97X6xmaiQYJk=
126,-73,Iah0V8tOzhf6//89cQ07Gtzf5Pg=,DcW2jxIrI3/eRGY97X6xmaiQYJk=
126,-68,Iah0V8tOzhf6//89cQ07Gtzf5Pg=,VL5nV8UpOX7Q0aSnmLCVOucIrWY=
126,-70,Iah0V8tOzhf6//89cQ07Gtzf5Pg=,VL5nV8UpOX7Q0aSnmLCVOucIrWY=
123,-73,Iah0V8tOzhf6//89cQ07Gtzf5Pg=,DcW2jxIrI3/eRGY97X6xmaiQYJk=
122,-72,Iah0V8tOzhf6//89cQ07Gtzf5Pg=,VL5nV8UpOX7Q0aSnmLCVOucIrWY=
124,-67,Iah0V8tOzhf6//89cQ07Gtzf5Pg=,VL5nV8UpOX7Q0aSnmLCVOucIrWY=
125,-65,Iah0V8tOzhf6//89cQ07Gtzf5Pg=,VL5nV8UpOX7Q0aSnmLCVOucIrWY=
124,-69,Iah0V8tOzhf6//89cQ07Gtzf5Pg=,VL5nV8UpOX7Q0aSnmLCVOucIrWY=
125,-68,Iah0V8tOzhf6//89cQ07Gtzf5Pg=,VL5nV8UpOX7Q0aSnmLCVOucIrWY=
125,-69,Iah0V8tOzhf6//89cQ07Gtzf5Pg=,VL5nV8UpOX7Q0aSnmLCVOucIrWY=
123,-67,Iah0V8tOzhf6//89cQ07Gtzf5Pg=,VL5nV8UpOX7Q0aSnmLCVOucIrWY=
122,-67,Iah0V8tOzhf6//89cQ07Gtzf5Pg=,VL5nV8UpOX7Q0aSnmLCVOucIrWY=
125,-70,Iah0V8tOzhf6//89cQ07Gtzf5Pg=,VL5nV8UpOX7Q0aSnmLCVOucIrWY=
127,-72,Iah0V8tOzhf6//89cQ07Gtzf5Pg=,VL5nV8UpOX7Q0aSnmLCVOucIrWY=
126,-72,Iah0V8tOzhf6//89cQ07Gtzf5Pg=,VL5nV8UpOX7Q0aSnmLCVOucIrWY=
124,-68,Iah0V8tOzhf6//89cQ07Gtzf5Pg=,VL5nV8UpOX7Q0aSnmLCVOucIrWY=
121,-68,Iah0V8tOzhf6//89cQ07Gtzf5Pg=,VL5nV8UpOX7Q0aSnmLCVOucIrWY=
122,-69,Iah0V8tOzhf6//89cQ07Gtzf5Pg=,VL5nV8UpOX7Q0aSnmLCVOucIrWY=
122,-68,Iah0V8tOzhf6//89cQ07Gtzf5Pg=,VL5nV8UpOX7Q0aSnmLCVOucIrWY=
125,-72,Iah0V8tOzhf6//89cQ07Gtzf5Pg=,VL5nV8UpOX7Q0aSnmLCVOucIrWY=
127,-71,Iah0V8tOzhf6//89cQ07Gtzf5Pg=,VL5nV8UpOX7Q0aSnmLCVOucIrWY=
126,-71,Iah0V8tOzhf6//89cQ07Gtzf5Pg=,VL5nV8UpOX7Q0aSnmLCVOucIrWY=
123,-70,Iah0V8tOzhf6//89cQ07Gtzf5Pg=,VL5nV8UpOX7Q0aSnmLCVOucIrWY=
123,-68,Iah0V8tOzhf6//89cQ07Gtzf5Pg=,VL5nV8UpOX7Q0aSnmLCVOucIrWY=
124,-70,Iah0V8tOzhf6//89cQ07Gtzf5Pg=,VL5nV8UpOX7Q0aSnmLCVOucIrWY=
121,-71,Iah0V8tOzhf6//89cQ07Gtzf5Pg=,VL5nV8UpOX7Q0aSnmLCVOucIrWY=
127,-73,Iah0V8tOzhf6//89cQ07Gtzf5Pg=,DcW2jxIrI3/eRGY97X6xmaiQYJk=
126,-65,Iah0V8tOzhf6//89cQ07Gtzf5Pg=,VL5nV8UpOX7Q0aSnmLCVOucIrWY=
123,-72,Iah0V8tOzhf6//89cQ07Gtzf5Pg=,VL5nV8UpOX7Q0aSnmLCVOucIrWY=
121,-70,Iah0V8tOzhf6//89cQ07Gtzf5Pg=,VL5nV8UpOX7Q0aSnmLCVOucIrWY=
121,-67,Iah0V8tOzhf6//89cQ07Gtzf5Pg=,VL5nV8UpOX7Q0aSnmLCVOucIrWY=
122,-71,Iah0V8tOzhf6//89cQ07Gtzf5Pg=,VL5nV8UpOX7Q0aSnmLCVOucIrWY=
125,-71,Iah0V8tOzhf6//89cQ07Gtzf5Pg=,VL5nV8UpOX7Q0aSnmLCVOucIrWY=
123,-69,Iah0V8tOzhf6//89cQ07Gtzf5Pg=,VL5nV8UpOX7Q0aSnmLCVOucIrWY=
122,-70,Iah0V8tOzhf6//89cQ07Gtzf5Pg=,VL5nV8UpOX7Q0aSnmLCVOucIrWY=
121,-72,Iah0V8tOzhf6//89cQ07Gtzf5Pg=,VL5nV8UpOX7Q0aSnmLCVOucIrWY=
123,-71,Iah0V8tOzhf6//89cQ07Gtzf5Pg=,VL5nV8UpOX7Q0aSnmLCVOucIrWY=
124,-71,Iah0V8tOzhf6//89cQ07Gtzf5Pg=,VL5nV8UpOX7Q0aSnmLCVOucIrWY=
124,-72,Iah0V8tOzhf6//89cQ07Gtzf5Pg=,VL5nV8UpOX7Q0aSnmLCVOucIrWY=
127,-65,Iah0V8tOzhf6//89cQ07Gtzf5Pg=,VL5nV8UpOX7Q0aSnmLCVOucIrWY=
116,-75,Iah0V8tOzhf6//89cQ07Gtzf5Pg=,vLIYHgmYEbT7HMbUUeix0YsoBHU=
114,-75,Iah0V8tOzhf6//89cQ07Gtzf5Pg=,vLIYHgmYEbT7HMbUUeix0YsoBHU=
112,-75,Iah0V8tOzhf6//89cQ07Gtzf5Pg=,vLIYHgmYEbT7HMbUUeix0YsoBHU=
121,-66,Iah0V8tOzhf6//89cQ07Gtzf5Pg=,VL5nV8UpOX7Q0aSnmLCVOucIrWY=
117,-77,Iah0V8tOzhf6//89cQ07Gtzf5Pg=,vLIYHgmYEbT7HMbUUeix0YsoBHU=
120,-80,Iah0V8tOzhf6//89cQ07Gtzf5Pg=,DcW2jxIrI3/eRGY97X6xmaiQYJk=
112,-76,Iah0V8tOzhf6//89cQ07Gtzf5Pg=,vLIYHgmYEbT7HMbUUeix0YsoBHU=
118,-77,Iah0V8tOzhf6//89cQ07Gtzf5Pg=,vLIYHgmYEbT7HMbUUeix0YsoBHU=
120,-75,Iah0V8tOzhf6//89cQ07Gtzf5Pg=,DcW2jxIrI3/eRGY97X6xmaiQYJk=
116,-77,Iah0V8tOzhf6//89cQ07Gtzf5Pg=,vLIYHgmYEbT7HMbUUeix0YsoBHU=
120,-74,Iah0V8tOzhf6//89cQ07Gtzf5Pg=,DcW2jxIrI3/eRGY97X6xmaiQYJk=
114,-77,Iah0V8tOzhf6//89cQ07Gtzf5Pg=,vLIYHgmYEbT7HMbUUeix0YsoBHU=
119,-77,Iah0V8tOzhf6//89cQ07Gtzf5Pg=,vLIYHgmYEbT7HMbUUeix0YsoBHU=
120,-76,Iah0V8tOzhf6//89cQ07Gtzf5Pg=,DcW2jxIrI3/eRGY97X6xmaiQYJk=
120,-77,Iah0V8tOzhf6//89cQ07Gtzf5Pg=,DcW2jxIrI3/eRGY97X6xmaiQYJk=
118,-78,Iah0V8tOzhf6//89cQ07Gtzf5Pg=,vLIYHgmYEbT7HMbUUeix0YsoBHU=
118,-76,Iah0V8tOzhf6//89cQ07Gtzf5Pg=,vLIYHgmYEbT7HMbUUeix0YsoBHU=
116,-76,Iah0V8tOzhf6//89cQ07Gtzf5Pg=,vLIYHgmYEbT7HMbUUeix0YsoBHU=
113,-76,Iah0V8tOzhf6//89cQ07Gtzf5Pg=,vLIYHgmYEbT7HMbUUeix0YsoBHU=
115,-78,Iah0V8tOzhf6//89cQ07Gtzf5Pg=,vLIYHgmYEbT7HMbUUeix0YsoBHU=
115,-75,Iah0V8tOzhf6//89cQ07Gtzf5Pg=,vLIYHgmYEbT7HMbUUeix0YsoBHU=
112,-77,Iah0V8tOzhf6//89cQ07Gtzf5Pg=,vLIYHgmYEbT7HMbUUeix0YsoBHU=
116,-79,Iah0V8tOzhf6//89cQ07Gtzf5Pg=,vLIYHgmYEbT7HMbUUeix0YsoBHU=
119,-78,Iah0V8tOzhf6//89cQ07Gtzf5Pg=,vLIYHgmYEbT7HMbUUeix0YsoBHU=
117,-75,Iah0V8tOzhf6//89cQ07Gtzf5Pg=,vLIYHgmYEbT7HMbUUeix0YsoBHU=
117,-79,Iah0V8tOzhf6//89cQ07Gtzf5Pg=,vLIYHgmYEbT7HMbUUeix0YsoBHU=
114,-76,Iah0V8tOzhf6//89cQ07Gtzf5Pg=,vLIYHgmYEbT7HMbUUeix0YsoBHU=
119,-79,Iah0V8tOzhf6//89cQ07Gtzf5Pg=,vLIYHgmYEbT7HMbUUeix0YsoBHU=
115,-77,Iah0V8tOzhf6//89cQ07Gtzf5Pg=,vLIYHgmYEbT7HMbUUeix0YsoBHU=
114,-79,Iah0V8tOzhf6//89cQ07Gtzf5Pg=,vLIYHgmYEbT7HMbUUeix0YsoBHU=
113,-79,Iah0V8tOzhf6//89cQ07Gtzf5Pg=,vLIYHgmYEbT7HMbUUeix0YsoBHU=
115,-79,Iah0V8tOzhf6//89cQ07Gtzf5Pg=,vLIYHgmYEbT7HMbUUeix0YsoBHU=
113,-77,Iah0V8tOzhf6//89cQ07Gtzf5Pg=,vLIYHgmYEbT7HMbUUeix0YsoBHU=
117,-78,Iah0V8tOzhf6//89cQ07Gtzf5Pg=,vLIYHgmYEbT7HMbUUeix0YsoBHU=
118,-75,Iah0V8tOzhf6//89cQ07Gtzf5Pg=,vLIYHgmYEbT7HMbUUeix0YsoBHU=
113,-78,Iah0V8tOzhf6//89cQ07Gtzf5Pg=,vLIYHgmYEbT7HMbUUeix0YsoBHU=
118,-79,Iah0V8tOzhf6//89cQ07Gtzf5Pg=,vLIYHgmYEbT7HMbUUeix0YsoBHU=
112,-78,Iah0V8tOzhf6//89cQ07Gtzf5Pg=,vLIYHgmYEbT7HMbUUeix0YsoBHU=
115,-76,Iah0V8tOzhf6//89cQ07Gtzf5Pg=,vLIYHgmYEbT7HMbUUeix0YsoBHU=
117,-80,Iah0V8tOzhf6//89cQ07Gtzf5Pg=,vLIYHgmYEbT7HMbUUeix0YsoBHU=
114,-80,Iah0V8tOzhf6//89cQ07Gtzf5Pg=,vLIYHgmYEbT7HMbUUeix0YsoBHU=
114,-78,Iah0V8tOzhf6//89cQ07Gtzf5Pg=,vLIYHgmYEbT7HMbUUeix0YsoBHU=
118,-80,Iah0V8tOzhf6//89cQ07Gtzf5Pg=,vLIYHgmYEbT7HMbUUeix0YsoBHU=
112,-79,Iah0V8tOzhf6//89cQ07Gtzf5Pg=,vLIYHgmYEbT7HMbUUeix0YsoBHU=
115,-80,Iah0V8tOzhf6//89cQ07Gtzf5Pg=,vLIYHgmYEbT7HMbUUeix0YsoBHU=
112,-80,Iah0V8tOzhf6//89cQ07Gtzf5Pg=,vLIYHgmYEbT7HMbUUeix0YsoBHU=
119,-76,Iah0V8tOzhf6//89cQ07Gtzf5Pg=,vLIYHgmYEbT7HMbUUeix0YsoBHU=
119,-80,Iah0V8tOzhf6//89cQ07Gtzf5Pg=,vLIYHgmYEbT7HMbUUeix0YsoBHU=
112,-74,Iah0V8tOzhf6//89cQ07Gtzf5Pg=,vLIYHgmYEbT7HMbUUeix0YsoBHU=
113,-80,Iah0V8tOzhf6//89cQ07Gtzf5Pg=,vLIYHgmYEbT7HMbUUeix0YsoBHU=
115,-74,Iah0V8tOzhf6//89cQ07Gtzf5Pg=,vLIYHgmYEbT7HMbUUeix0YsoBHU=
117,-74,Iah0V8tOzhf6//89cQ07Gtzf5Pg=,vLIYHgmYEbT7HMbUUeix0YsoBHU=
113,-75,Iah0V8tOzhf6//89cQ07Gtzf5Pg=,vLIYHgmYEbT7HMbUUeix0YsoBHU=
116,-80,Iah0V8tOzhf6//89cQ07Gtzf5Pg=,vLIYHgmYEbT7HMbUUeix0YsoBHU=
120,-78,Udgr3hx8mChG7J7fhNf9f4hFKpI=,DcW2jxIrI3/eRGY97X6xmaiQYJk=
120,-79,Udgr3hx8mChG7J7fhNf9f4hFKpI=,DcW2jxIrI3/eRGY97X6xmaiQYJk=
116,-78,Udgr3hx8mChG7J7fhNf9f4hFKpI=,vLIYHgmYEbT7HMbUUeix0YsoBHU=
116,-74,Udgr3hx8mChG7J7fhNf9f4hFKpI=,vLIYHgmYEbT7HMbUUeix0YsoBHU=
117,-76,Udgr3hx8mChG7J7fhNf9f4hFKpI=,vLIYHgmYEbT7HMbUUeix0YsoBHU=
114,-74,Udgr3hx8mChG7J7fhNf9f4hFKpI=,vLIYHgmYEbT7HMbUUeix0YsoBHU=
119,-75,Udgr3hx8mChG7J7fhNf9f4hFKpI=,vLIYHgmYEbT7HMbUUeix0YsoBHU=
113,-74,Udgr3hx8mChG7J7fhNf9f4hFKpI=,vLIYHgmYEbT7HMbUUeix0YsoBHU=
118,-74,Udgr3hx8mChG7J7fhNf9f4hFKpI=,vLIYHgmYEbT7HMbUUeix0YsoBHU=
118,-70,Udgr3hx8mChG7J7fhNf9f4hFKpI=,ztg/2/XEDmYwCHOdMgpYT6UO63o=
116,-65,Udgr3hx8mChG7J7fhNf9f4hFKpI=,ztg/2/XEDmYwCHOdMgpYT6UO63o=
120,-73,Udgr3hx8mChG7J7fhNf9f4hFKpI=,DcW2jxIrI3/eRGY97X6xmaiQYJk=
119,-70,Udgr3hx8mChG7J7fhNf9f4hFKpI=,ztg/2/XEDmYwCHOdMgpYT6UO63o=
120,-65,Udgr3hx8mChG7J7fhNf9f4hFKpI=,VL5nV8UpOX7Q0aSnmLCVOucIrWY=
118,-65,Udgr3hx8mChG7J7fhNf9f4hFKpI=,ztg/2/XEDmYwCHOdMgpYT6UO63o=
112,-69,Udgr3hx8mChG7J7fhNf9f4hFKpI=,ztg/2/XEDmYwCHOdMgpYT6UO63o=
113,-65,Udgr3hx8mChG7J7fhNf9f4hFKpI=,ztg/2/XEDmYwCHOdMgpYT6UO63o=
116,-69,Udgr3hx8mChG7J7fhNf9f4hFKpI=,ztg/2/XEDmYwCHOdMgpYT6UO63o=
115,-65,Udgr3hx8mChG7J7fhNf9f4hFKpI=,ztg/2/XEDmYwCHOdMgpYT6UO63o=
114,-69,Udgr3hx8mChG7J7fhNf9f4hFKpI=,ztg/2/XEDmYwCHOdMgpYT6UO63o=
114,-65,Udgr3hx8mChG7J7fhNf9f4hFKpI=,ztg/2/XEDmYwCHOdMgpYT6UO63o=
117,-70,Udgr3hx8mChG7J7fhNf9f4hFKpI=,ztg/2/XEDmYwCHOdMgpYT6UO63o=
118,-66,Udgr3hx8mChG7J7fhNf9f4hFKpI=,ztg/2/XEDmYwCHOdMgpYT6UO63o=
113,-69,Udgr3hx8mChG7J7fhNf9f4hFKpI=,ztg/2/XEDmYwCHOdMgpYT6UO63o=
118,-71,Udgr3hx8mChG7J7fhNf9f4hFKpI=,ztg/2/XEDmYwCHOdMgpYT6UO63o=
120,-69,Udgr3hx8mChG7J7fhNf9f4hFKpI=,VL5nV8UpOX7Q0aSnmLCVOucIrWY=
112,-65,Udgr3hx8mChG7J7fhNf9f4hFKpI=,ztg/2/XEDmYwCHOdMgpYT6UO63o=
119,-66,Udgr3hx8mChG7J7fhNf9f4hFKpI=,ztg/2/XEDmYwCHOdMgpYT6UO63o=
112,-70,Udgr3hx8mChG7J7fhNf9f4hFKpI=,ztg/2/XEDmYwCHOdMgpYT6UO63o=
116,-66,Udgr3hx8mChG7J7fhNf9f4hFKpI=,ztg/2/XEDmYwCHOdMgpYT6UO63o=
114,-70,Udgr3hx8mChG7J7fhNf9f4hFKpI=,ztg/2/XEDmYwCHOdMgpYT6UO63o=
113,-70,Udgr3hx8mChG7J7fhNf9f4hFKpI=,ztg/2/XEDmYwCHOdMgpYT6UO63o=
116,-70,Udgr3hx8mChG7J7fhNf9f4hFKpI=,ztg/2/XEDmYwCHOdMgpYT6UO63o=
117,-65,Udgr3hx8mChG7J7fhNf9f4hFKpI=,ztg/2/XEDmYwCHOdMgpYT6UO63o=
119,-65,Udgr3hx8mChG7J7fhNf9f4hFKpI=,ztg/2/XEDmYwCHOdMgpYT6UO63o=
117,-71,Udgr3hx8mChG7J7fhNf9f4hFKpI=,ztg/2/XEDmYwCHOdMgpYT6UO63o=
115,-66,Udgr3hx8mChG7J7fhNf9f4hFKpI=,ztg/2/XEDmYwCHOdMgpYT6UO63o=
112,-66,Udgr3hx8mChG7J7fhNf9f4hFKpI=,ztg/2/XEDmYwCHOdMgpYT6UO63o=
115,-70,Udgr3hx8mChG7J7fhNf9f4hFKpI=,ztg/2/XEDmYwCHOdMgpYT6UO63o=
115,-69,Udgr3hx8mChG7J7fhNf9f4hFKpI=,ztg/2/XEDmYwCHOdMgpYT6UO63o=
120,-66,Udgr3hx8mChG7J7fhNf9f4hFKpI=,VL5nV8UpOX7Q0aSnmLCVOucIrWY=
119,-67,Udgr3hx8mChG7J7fhNf9f4hFKpI=,ztg/2/XEDmYwCHOdMgpYT6UO63o=
113,-66,Udgr3hx8mChG7J7fhNf9f4hFKpI=,ztg/2/XEDmYwCHOdMgpYT6UO63o=
119,-71,Udgr3hx8mChG7J7fhNf9f4hFKpI=,ztg/2/XEDmYwCHOdMgpYT6UO63o=
118,-67,Udgr3hx8mChG7J7fhNf9f4hFKpI=,ztg/2/XEDmYwCHOdMgpYT6UO63o=
117,-67,Udgr3hx8mChG7J7fhNf9f4hFKpI=,ztg/2/XEDmYwCHOdMgpYT6UO63o=
113,-71,Udgr3hx8mChG7J7fhNf9f4hFKpI=,ztg/2/XEDmYwCHOdMgpYT6UO63o=
116,-67,Udgr3hx8mChG7J7fhNf9f4hFKpI=,ztg/2/XEDmYwCHOdMgpYT6UO63o=
117,-66,Udgr3hx8mChG7J7fhNf9f4hFKpI=,ztg/2/XEDmYwCHOdMgpYT6UO63o=
112,-71,Udgr3hx8mChG7J7fhNf9f4hFKpI=,ztg/2/XEDmYwCHOdMgpYT6UO63o=
116,-71,Udgr3hx8mChG7J7fhNf9f4hFKpI=,ztg/2/XEDmYwCHOdMgpYT6UO63o=
117,-72,Udgr3hx8mChG7J7fhNf9f4hFKpI=,ztg/2/XEDmYwCHOdMgpYT6UO63o=
115,-67,Udgr3hx8mChG7J7fhNf9f4hFKpI=,ztg/2/XEDmYwCHOdMgpYT6UO63o=
114,-71,Udgr3hx8mChG7J7fhNf9f4hFKpI=,ztg/2/XEDmYwCHOdMgpYT6UO63o=
114,-66,Udgr3hx8mChG7J7fhNf9f4hFKpI=,ztg/2/XEDmYwCHOdMgpYT6UO63o=
119,-68,Udgr3hx8mChG7J7fhNf9f4hFKpI=,ztg/2/XEDmYwCHOdMgpYT6UO63o=
113,-67,Udgr3hx8mChG7J7fhNf9f4hFKpI=,ztg/2/XEDmYwCHOdMgpYT6UO63o=
112,-72,Udgr3hx8mChG7J7fhNf9f4hFKpI=,ztg/2/XEDmYwCHOdMgpYT6UO63o=
116,-72,Udgr3hx8mChG7J7fhNf9f4hFKpI=,ztg/2/XEDmYwCHOdMgpYT6UO63o=
115,-71,Udgr3hx8mChG7J7fhNf9f4hFKpI=,ztg/2/XEDmYwCHOdMgpYT6UO63o=
113,-72,Udgr3hx8mChG7J7fhNf9f4hFKpI=,ztg/2/XEDmYwCHOdMgpYT6UO63o=
119,-73,Udgr3hx8mChG7J7fhNf9f4hFKpI=,vLIYHgmYEbT7HMbUUeix0YsoBHU=
114,-67,Udgr3hx8mChG7J7fhNf9f4hFKpI=,ztg/2/XEDmYwCHOdMgpYT6UO63o=
118,-72,Udgr3hx8mChG7J7fhNf9f4hFKpI=,ztg/2/XEDmYwCHOdMgpYT6UO63o=
120,-72,Udgr3hx8mChG7J7fhNf9f4hFKpI=,VL5nV8UpOX7Q0aSnmLCVOucIrWY=
115,-72,Udgr3hx8mChG7J7fhNf9f4hFKpI=,ztg/2/XEDmYwCHOdMgpYT6UO63o=
120,-71,Udgr3hx8mChG7J7fhNf9f4hFKpI=,VL5nV8UpOX7Q0aSnmLCVOucIrWY=
119,-72,Udgr3hx8mChG7J7fhNf9f4hFKpI=,ztg/2/XEDmYwCHOdMgpYT6UO63o=
117,-68,Udgr3hx8mChG7J7fhNf9f4hFKpI=,ztg/2/XEDmYwCHOdMgpYT6UO63o=
116,-68,Udgr3hx8mChG7J7fhNf9f4hFKpI=,ztg/2/XEDmYwCHOdMgpYT6UO63o=
112,-68,Udgr3hx8mChG7J7fhNf9f4hFKpI=,ztg/2/XEDmYwCHOdMgpYT6UO63o=
120,-70,Udgr3hx8mChG7J7fhNf9f4hFKpI=,VL5nV8UpOX7Q0aSnmLCVOucIrWY=
118,-69,Udgr3hx8mChG7J7fhNf9f4hFKpI=,ztg/2/XEDmYwCHOdMgpYT6UO63o=
115,-68,Udgr3hx8mChG7J7fhNf9f4hFKpI=,ztg/2/XEDmYwCHOdMgpYT6UO63o=
120,-68,Udgr3hx8mChG7J7fhNf9f4hFKpI=,VL5nV8UpOX7Q0aSnmLCVOucIrWY=
112,-67,Udgr3hx8mChG7J7fhNf9f4hFKpI=,ztg/2/XEDmYwCHOdMgpYT6UO63o=
118,-73,Udgr3hx8mChG7J7fhNf9f4hFKpI=,vLIYHgmYEbT7HMbUUeix0YsoBHU=
114,-73,Udgr3hx8mChG7J7fhNf9f4hFKpI=,vLIYHgmYEbT7HMbUUeix0YsoBHU=
112,-73,Udgr3hx8mChG7J7fhNf9f4hFKpI=,vLIYHgmYEbT7HMbUUeix0YsoBHU=
118,-68,Udgr3hx8mChG7J7fhNf9f4hFKpI=,ztg/2/XEDmYwCHOdMgpYT6UO63o=
116,-73,Udgr3hx8mChG7J7fhNf9f4hFKpI=,vLIYHgmYEbT7HMbUUeix0YsoBHU=
115,-73,Udgr3hx8mChG7J7fhNf9f4hFKpI=,vLIYHgmYEbT7HMbUUeix0YsoBHU=
119,-69,Udgr3hx8mChG7J7fhNf9f4hFKpI=,ztg/2/XEDmYwCHOdMgpYT6UO63o=
120,-67,Udgr3hx8mChG7J7fhNf9f4hFKpI=,VL5nV8UpOX7Q0aSnmLCVOucIrWY=
114,-72,Udgr3hx8mChG7J7fhNf9f4hFKpI=,ztg/2/XEDmYwCHOdMgpYT6UO63o=
117,-69,Udgr3hx8mChG7J7fhNf9f4hFKpI=,ztg/2/XEDmYwCHOdMgpYT6UO63o=
114,-68,Udgr3hx8mChG7J7fhNf9f4hFKpI=,ztg/2/XEDmYwCHOdMgpYT6UO63o=
113,-73,Udgr3hx8mChG7J7fhNf9f4hFKpI=,vLIYHgmYEbT7HMbUUeix0YsoBHU=
117,-73,Udgr3hx8mChG7J7fhNf9f4hFKpI=,vLIYHgmYEbT7HMbUUeix0YsoBHU=
113,-68,Udgr3hx8mChG7J7fhNf9f4hFKpI=,ztg/2/XEDmYwCHOdMgpYT6UO63o=
119,-74,Udgr3hx8mChG7J7fhNf9f4hFKpI=,vLIYHgmYEbT7HMbUUeix0YsoBHU=
126,-82,C9w69lwuQ8gdD2LniSGBYE4W3m4=,DcW2jxIrI3/eRGY97X6xmaiQYJk=
124,-86,C9w69lwuQ8gdD2LniSGBYE4W3m4=,DcW2jxIrI3/eRGY97X6xmaiQYJk=
125,-82,C9w69lwuQ8gdD2LniSGBYE4W3m4=,DcW2jxIrI3/eRGY97X6xmaiQYJk=
121,-86,C9w69lwuQ8gdD2LniSGBYE4W3m4=,DcW2jxIrI3/eRGY97X6xmaiQYJk=
125,-86,XfKLvnXXOoml5VSNUgcjII5rjzg=,DcW2jxIrI3/eRGY97X6xmaiQYJk=
123,-86,XfKLvnXXOoml5VSNUgcjII5rjzg=,DcW2jxIrI3/eRGY97X6xmaiQYJk=
126,-83,XfKLvnXXOoml5VSNUgcjII5rjzg=,DcW2jxIrI3/eRGY97X6xmaiQYJk=
124,-82,XfKLvnXXOoml5VSNUgcjII5rjzg=,DcW2jxIrI3/eRGY97X6xmaiQYJk=
123,-85,XfKLvnXXOoml5VSNUgcjII5rjzg=,DcW2jxIrI3/eRGY97X6xmaiQYJk=
124,-85,XfKLvnXXOoml5VSNUgcjII5rjzg=,DcW2jxIrI3/eRGY97X6xmaiQYJk=
121,-87,XfKLvnXXOoml5VSNUgcjII5rjzg=,DcW2jxIrI3/eRGY97X6xmaiQYJk=
126,-84,XfKLvnXXOoml5VSNUgcjII5rjzg=,DcW2jxIrI3/eRGY97X6xmaiQYJk=
125,-85,XfKLvnXXOoml5VSNUgcjII5rjzg=,DcW2jxIrI3/eRGY97X6xmaiQYJk=
124,-83,XfKLvnXXOoml5VSNUgcjII5rjzg=,DcW2jxIrI3/eRGY97X6xmaiQYJk=
126,-85,XfKLvnXXOoml5VSNUgcjII5rjzg=,DcW2jxIrI3/eRGY97X6xmaiQYJk=
125,-87,XfKLvnXXOoml5VSNUgcjII5rjzg=,DcW2jxIrI3/eRGY97X6xmaiQYJk=
121,-83,XfKLvnXXOoml5VSNUgcjII5rjzg=,DcW2jxIrI3/eRGY97X6xmaiQYJk=
122,-85,XfKLvnXXOoml5VSNUgcjII5rjzg=,DcW2jxIrI3/eRGY97X6xmaiQYJk=
125,-83,XfKLvnXXOoml5VSNUgcjII5rjzg=,DcW2jxIrI3/eRGY97X6xmaiQYJk=
125,-84,XfKLvnXXOoml5VSNUgcjII5rjzg=,DcW2jxIrI3/eRGY97X6xmaiQYJk=
122,-86,XfKLvnXXOoml5VSNUgcjII5rjzg=,DcW2jxIrI3/eRGY97X6xmaiQYJk=
126,-86,XfKLvnXXOoml5VSNUgcjII5rjzg=,DcW2jxIrI3/eRGY97X6xmaiQYJk=
123,-82,XfKLvnXXOoml5VSNUgcjII5rjzg=,DcW2jxIrI3/eRGY97X6xmaiQYJk=
122,-83,XfKLvnXXOoml5VSNUgcjII5rjzg=,DcW2jxIrI3/eRGY97X6xmaiQYJk=
124,-84,XfKLvnXXOoml5VSNUgcjII5rjzg=,DcW2jxIrI3/eRGY97X6xmaiQYJk=
121,-82,XfKLvnXXOoml5VSNUgcjII5rjzg=,DcW2jxIrI3/eRGY97X6xmaiQYJk=
126,-87,XfKLvnXXOoml5VSNUgcjII5rjzg=,DcW2jxIrI3/eRGY97X6xmaiQYJk=
123,-83,XfKLvnXXOoml5VSNUgcjII5rjzg=,DcW2jxIrI3/eRGY97X6xmaiQYJk=
123,-84,XfKLvnXXOoml5VSNUgcjII5rjzg=,DcW2jxIrI3/eRGY97X6xmaiQYJk=
121,-85,XfKLvnXXOoml5VSNUgcjII5rjzg=,DcW2jxIrI3/eRGY97X6xmaiQYJk=
122,-87,XfKLvnXXOoml5VSNUgcjII5rjzg=,DcW2jxIrI3/eRGY97X6xmaiQYJk=
124,-87,XfKLvnXXOoml5VSNUgcjII5rjzg=,DcW2jxIrI3/eRGY97X6xmaiQYJk=
123,-87,XfKLvnXXOoml5VSNUgcjII5rjzg=,DcW2jxIrI3/eRGY97X6xmaiQYJk=
122,-84,XfKLvnXXOoml5VSNUgcjII5rjzg=,DcW2jxIrI3/eRGY97X6xmaiQYJk=
121,-84,XfKLvnXXOoml5VSNUgcjII5rjzg=,DcW2jxIrI3/eRGY97X6xmaiQYJk=
122,-82,XfKLvnXXOoml5VSNUgcjII5rjzg=,DcW2jxIrI3/eRGY97X6xmaiQYJk=
126,-81,XfKLvnXXOoml5VSNUgcjII5rjzg=,DcW2jxIrI3/eRGY97X6xmaiQYJk=
125,-81,XfKLvnXXOoml5VSNUgcjII5rjzg=,DcW2jxIrI3/eRGY97X6xmaiQYJk=
124,-81,XfKLvnXXOoml5VSNUgcjII5rjzg=,DcW2jxIrI3/eRGY97X6xmaiQYJk=
123,-81,XfKLvnXXOoml5VSNUgcjII5rjzg=,DcW2jxIrI3/eRGY97X6xmaiQYJk=
122,-81,XfKLvnXXOoml5VSNUgcjII5rjzg=,DcW2jxIrI3/eRGY97X6xmaiQYJk=
121,-81,XfKLvnXXOoml5VSNUgcjII5rjzg=,DcW2jxIrI3/eRGY97X6xmaiQYJk=
127,-82,XfKLvnXXOoml5VSNUgcjII5rjzg=,DcW2jxIrI3/eRGY97X6xmaiQYJk=
127,-85,XfKLvnXXOoml5VSNUgcjII5rjzg=,DcW2jxIrI3/eRGY97X6xmaiQYJk=
127,-83,XfKLvnXXOoml5VSNUgcjII5rjzg=,DcW2jxIrI3/eRGY97X6xmaiQYJk=
127,-86,XfKLvnXXOoml5VSNUgcjII5rjzg=,DcW2jxIrI3/eRGY97X6xmaiQYJk=
127,-87,XfKLvnXXOoml5VSNUgcjII5rjzg=,DcW2jxIrI3/eRGY97X6xmaiQYJk=
127,-84,XfKLvnXXOoml5VSNUgcjII5rjzg=,DcW2jxIrI3/eRGY97X6xmaiQYJk=
127,-81,XfKLvnXXOoml5VSNUgcjII5rjzg=,DcW2jxIrI3/eRGY97X6xmaiQYJk=
119,-81,XfKLvnXXOoml5VSNUgcjII5rjzg=,DcW2jxIrI3/eRGY97X6xmaiQYJk=
118,-81,XfKLvnXXOoml5VSNUgcjII5rjzg=,DcW2jxIrI3/eRGY97X6xmaiQYJk=
117,-81,kIlZ2tsuBLYdc7Q7KmJFLJmQyr8=,DcW2jxIrI3/eRGY97X6xmaiQYJk=
113,-85,kIlZ2tsuBLYdc7Q7KmJFLJmQyr8=,DcW2jxIrI3/eRGY97X6xmaiQYJk=
114,-85,kIlZ2tsuBLYdc7Q7KmJFLJmQyr8=,DcW2jxIrI3/eRGY97X6xmaiQYJk=
116,-81,kIlZ2tsuBLYdc7Q7KmJFLJmQyr8=,DcW2jxIrI3/eRGY97X6xmaiQYJk=
115,-85,kIlZ2tsuBLYdc7Q7KmJFLJmQyr8=,DcW2jxIrI3/eRGY97X6xmaiQYJk=
114,-81,kIlZ2tsuBLYdc7Q7KmJFLJmQyr8=,DcW2jxIrI3/eRGY97X6xmaiQYJk=
116,-85,kIlZ2tsuBLYdc7Q7KmJFLJmQyr8=,DcW2jxIrI3/eRGY97X6xmaiQYJk=
112,-85,kIlZ2tsuBLYdc7Q7KmJFLJmQyr8=,DcW2jxIrI3/eRGY97X6xmaiQYJk=
119,-86,kIlZ2tsuBLYdc7Q7KmJFLJmQyr8=,DcW2jxIrI3/eRGY97X6xmaiQYJk=
116,-86,kIlZ2tsuBLYdc7Q7KmJFLJmQyr8=,DcW2jxIrI3/eRGY97X6xmaiQYJk=
115,-81,kIlZ2tsuBLYdc7Q7KmJFLJmQyr8=,DcW2jxIrI3/eRGY97X6xmaiQYJk=
120,-86,kIlZ2tsuBLYdc7Q7KmJFLJmQyr8=,DcW2jxIrI3/eRGY97X6xmaiQYJk=
114,-86,kIlZ2tsuBLYdc7Q7KmJFLJmQyr8=,DcW2jxIrI3/eRGY97X6xmaiQYJk=
118,-86,kIlZ2tsuBLYdc7Q7KmJFLJmQyr8=,DcW2jxIrI3/eRGY97X6xmaiQYJk=
117,-86,kIlZ2tsuBLYdc7Q7KmJFLJmQyr8=,DcW2jxIrI3/eRGY97X6xmaiQYJk=
113,-81,kIlZ2tsuBLYdc7Q7KmJFLJmQyr8=,DcW2jxIrI3/eRGY97X6xmaiQYJk=
113,-86,kIlZ2tsuBLYdc7Q7KmJFLJmQyr8=,DcW2jxIrI3/eRGY97X6xmaiQYJk=
117,-85,kIlZ2tsuBLYdc7Q7KmJFLJmQyr8=,DcW2jxIrI3/eRGY97X6xmaiQYJk=
115,-86,kIlZ2tsuBLYdc7Q7KmJFLJmQyr8=,DcW2jxIrI3/eRGY97X6xmaiQYJk=
112,-81,kIlZ2tsuBLYdc7Q7KmJFLJmQyr8=,DcW2jxIrI3/eRGY97X6xmaiQYJk=
112,-86,kIlZ2tsuBLYdc7Q7KmJFLJmQyr8=,DcW2jxIrI3/eRGY97X6xmaiQYJk=
116,-87,kIlZ2tsuBLYdc7Q7KmJFLJmQyr8=,DcW2jxIrI3/eRGY97X6xmaiQYJk=
118,-87,kIlZ2tsuBLYdc7Q7KmJFLJmQyr8=,DcW2jxIrI3/eRGY97X6xmaiQYJk=
119,-87,kIlZ2tsuBLYdc7Q7KmJFLJmQyr8=,DcW2jxIrI3/eRGY97X6xmaiQYJk=
120,-81,kIlZ2tsuBLYdc7Q7KmJFLJmQyr8=,DcW2jxIrI3/eRGY97X6xmaiQYJk=
113,-87,kIlZ2tsuBLYdc7Q7KmJFLJmQyr8=,DcW2jxIrI3/eRGY97X6xmaiQYJk=
117,-87,kIlZ2tsuBLYdc7Q7KmJFLJmQyr8=,DcW2jxIrI3/eRGY97X6xmaiQYJk=
120,-84,kIlZ2tsuBLYdc7Q7KmJFLJmQyr8=,DcW2jxIrI3/eRGY97X6xmaiQYJk=
118,-82,kIlZ2tsuBLYdc7Q7KmJFLJmQyr8=,DcW2jxIrI3/eRGY97X6xmaiQYJk=
123,-89,kIlZ2tsuBLYdc7Q7KmJFLJmQyr8=,DcW2jxIrI3/eRGY97X6xmaiQYJk=
115,-87,kIlZ2tsuBLYdc7Q7KmJFLJmQyr8=,DcW2jxIrI3/eRGY97X6xmaiQYJk=
117,-82,kIlZ2tsuBLYdc7Q7KmJFLJmQyr8=,DcW2jxIrI3/eRGY97X6xmaiQYJk=
119,-82,kIlZ2tsuBLYdc7Q7KmJFLJmQyr8=,DcW2jxIrI3/eRGY97X6xmaiQYJk=
115,-82,kIlZ2tsuBLYdc7Q7KmJFLJmQyr8=,DcW2jxIrI3/eRGY97X6xmaiQYJk=
118,-85,kIlZ2tsuBLYdc7Q7KmJFLJmQyr8=,DcW2jxIrI3/eRGY97X6xmaiQYJk=
114,-82,kIlZ2tsuBLYdc7Q7KmJFLJmQyr8=,DcW2jxIrI3/eRGY97X6xmaiQYJk=
123,-88,kIlZ2tsuBLYdc7Q7KmJFLJmQyr8=,DcW2jxIrI3/eRGY97X6xmaiQYJk=
118,-83,kIlZ2tsuBLYdc7Q7KmJFLJmQyr8=,DcW2jxIrI3/eRGY97X6xmaiQYJk=
119,-85,kIlZ2tsuBLYdc7Q7KmJFLJmQyr8=,DcW2jxIrI3/eRGY97X6xmaiQYJk=
122,-89,kIlZ2tsuBLYdc7Q7KmJFLJmQyr8=,DcW2jxIrI3/eRGY97X6xmaiQYJk=
117,-83,kIlZ2tsuBLYdc7Q7KmJFLJmQyr8=,DcW2jxIrI3/eRGY97X6xmaiQYJk=
112,-82,kIlZ2tsuBLYdc7Q7KmJFLJmQyr8=,DcW2jxIrI3/eRGY97X6xmaiQYJk=
121,-89,kIlZ2tsuBLYdc7Q7KmJFLJmQyr8=,DcW2jxIrI3/eRGY97X6xmaiQYJk=
112,-87,kIlZ2tsuBLYdc7Q7KmJFLJmQyr8=,DcW2jxIrI3/eRGY97X6xmaiQYJk=
113,-82,kIlZ2tsuBLYdc7Q7KmJFLJmQyr8=,DcW2jxIrI3/eRGY97X6xmaiQYJk=
124,-89,kIlZ2tsuBLYdc7Q7KmJFLJmQyr8=,DcW2jxIrI3/eRGY97X6xmaiQYJk=
113,-83,kIlZ2tsuBLYdc7Q7KmJFLJmQyr8=,DcW2jxIrI3/eRGY97X6xmaiQYJk=
116,-83,kIlZ2tsuBLYdc7Q7KmJFLJmQyr8=,DcW2jxIrI3/eRGY97X6xmaiQYJk=
119,-83,kIlZ2tsuBLYdc7Q7KmJFLJmQyr8=,DcW2jxIrI3/eRGY97X6xmaiQYJk=
115,-83,kIlZ2tsuBLYdc7Q7KmJFLJmQyr8=,DcW2jxIrI3/eRGY97X6xmaiQYJk=
114,-83,kIlZ2tsuBLYdc7Q7KmJFLJmQyr8=,DcW2jxIrI3/eRGY97X6xmaiQYJk=
114,-87,kIlZ2tsuBLYdc7Q7KmJFLJmQyr8=,DcW2jxIrI3/eRGY97X6xmaiQYJk=
118,-84,kIlZ2tsuBLYdc7Q7KmJFLJmQyr8=,DcW2jxIrI3/eRGY97X6xmaiQYJk=
127,-90,kIlZ2tsuBLYdc7Q7KmJFLJmQyr8=,DcW2jxIrI3/eRGY97X6xmaiQYJk=
112,-83,kIlZ2tsuBLYdc7Q7KmJFLJmQyr8=,DcW2jxIrI3/eRGY97X6xmaiQYJk=
120,-82,kIlZ2tsuBLYdc7Q7KmJFLJmQyr8=,DcW2jxIrI3/eRGY97X6xmaiQYJk=
122,-88,kIlZ2tsuBLYdc7Q7KmJFLJmQyr8=,DcW2jxIrI3/eRGY97X6xmaiQYJk=
119,-84,kIlZ2tsuBLYdc7Q7KmJFLJmQyr8=,DcW2jxIrI3/eRGY97X6xmaiQYJk=
112,-84,kIlZ2tsuBLYdc7Q7KmJFLJmQyr8=,DcW2jxIrI3/eRGY97X6xmaiQYJk=
120,-87,kIlZ2tsuBLYdc7Q7KmJFLJmQyr8=,DcW2jxIrI3/eRGY97X6xmaiQYJk=
124,-88,kIlZ2tsuBLYdc7Q7KmJFLJmQyr8=,DcW2jxIrI3/eRGY97X6xmaiQYJk=
126,-90,kIlZ2tsuBLYdc7Q7KmJFLJmQyr8=,DcW2jxIrI3/eRGY97X6xmaiQYJk=
117,-84,kIlZ2tsuBLYdc7Q7KmJFLJmQyr8=,DcW2jxIrI3/eRGY97X6xmaiQYJk=
125,-90,kIlZ2tsuBLYdc7Q7KmJFLJmQyr8=,DcW2jxIrI3/eRGY97X6xmaiQYJk=
120,-83,kIlZ2tsuBLYdc7Q7KmJFLJmQyr8=,DcW2jxIrI3/eRGY97X6xmaiQYJk=
124,-90,kIlZ2tsuBLYdc7Q7KmJFLJmQyr8=,DcW2jxIrI3/eRGY97X6xmaiQYJk=
123,-90,kIlZ2tsuBLYdc7Q7KmJFLJmQyr8=,DcW2jxIrI3/eRGY97X6xmaiQYJk=
125,-91,kIlZ2tsuBLYdc7Q7KmJFLJmQyr8=,DcW2jxIrI3/eRGY97X6xmaiQYJk=
121,-91,kIlZ2tsuBLYdc7Q7KmJFLJmQyr8=,DcW2jxIrI3/eRGY97X6xmaiQYJk=
127,-91,kIlZ2tsuBLYdc7Q7KmJFLJmQyr8=,DcW2jxIrI3/eRGY97X6xmaiQYJk=
125,-92,kIlZ2tsuBLYdc7Q7KmJFLJmQyr8=,DcW2jxIrI3/eRGY97X6xmaiQYJk=
121,-88,kIlZ2tsuBLYdc7Q7KmJFLJmQyr8=,DcW2jxIrI3/eRGY97X6xmaiQYJk=
126,-92,kIlZ2tsuBLYdc7Q7KmJFLJmQyr8=,DcW2jxIrI3/eRGY97X6xmaiQYJk=
124,-92,kIlZ2tsuBLYdc7Q7KmJFLJmQyr8=,DcW2jxIrI3/eRGY97X6xmaiQYJk=
121,-92,kIlZ2tsuBLYdc7Q7KmJFLJmQyr8=,DcW2jxIrI3/eRGY97X6xmaiQYJk=
113,-84,kIlZ2tsuBLYdc7Q7KmJFLJmQyr8=,DcW2jxIrI3/eRGY97X6xmaiQYJk=
123,-92,kIlZ2tsuBLYdc7Q7KmJFLJmQyr8=,DcW2jxIrI3/eRGY97X6xmaiQYJk=
127,-92,kIlZ2tsuBLYdc7Q7KmJFLJmQyr8=,DcW2jxIrI3/eRGY97X6xmaiQYJk=
121,-90,kIlZ2tsuBLYdc7Q7KmJFLJmQyr8=,DcW2jxIrI3/eRGY97X6xmaiQYJk=
115,-84,kIlZ2tsuBLYdc7Q7KmJFLJmQyr8=,DcW2jxIrI3/eRGY97X6xmaiQYJk=
116,-84,kIlZ2tsuBLYdc7Q7KmJFLJmQyr8=,DcW2jxIrI3/eRGY97X6xmaiQYJk=
125,-93,kIlZ2tsuBLYdc7Q7KmJFLJmQyr8=,DcW2jxIrI3/eRGY97X6xmaiQYJk=
120,-85,kIlZ2tsuBLYdc7Q7KmJFLJmQyr8=,DcW2jxIrI3/eRGY97X6xmaiQYJk=
126,-93,kIlZ2tsuBLYdc7Q7KmJFLJmQyr8=,DcW2jxIrI3/eRGY97X6xmaiQYJk=
122,-92,kIlZ2tsuBLYdc7Q7KmJFLJmQyr8=,DcW2jxIrI3/eRGY97X6xmaiQYJk=
122,-93,kIlZ2tsuBLYdc7Q7KmJFLJmQyr8=,DcW2jxIrI3/eRGY97X6xmaiQYJk=
122,-94,kIlZ2tsuBLYdc7Q7KmJFLJmQyr8=,DcW2jxIrI3/eRGY97X6xmaiQYJk=
125,-89,kIlZ2tsuBLYdc7Q7KmJFLJmQyr8=,DcW2jxIrI3/eRGY97X6xmaiQYJk=
122,-90,kIlZ2tsuBLYdc7Q7KmJFLJmQyr8=,DcW2jxIrI3/eRGY97X6xmaiQYJk=
123,-91,kIlZ2tsuBLYdc7Q7KmJFLJmQyr8=,DcW2jxIrI3/eRGY97X6xmaiQYJk=
121,-93,kIlZ2tsuBLYdc7Q7KmJFLJmQyr8=,DcW2jxIrI3/eRGY97X6xmaiQYJk=
114,-84,kIlZ2tsuBLYdc7Q7KmJFLJmQyr8=,DcW2jxIrI3/eRGY97X6xmaiQYJk=
124,-91,kIlZ2tsuBLYdc7Q7KmJFLJmQyr8=,DcW2jxIrI3/eRGY97X6xmaiQYJk=
121,-95,kIlZ2tsuBLYdc7Q7KmJFLJmQyr8=,DcW2jxIrI3/eRGY97X6xmaiQYJk=
124,-94,kIlZ2tsuBLYdc7Q7KmJFLJmQyr8=,DcW2jxIrI3/eRGY97X6xmaiQYJk=
125,-95,kIlZ2tsuBLYdc7Q7KmJFLJmQyr8=,DcW2jxIrI3/eRGY97X6xmaiQYJk=
124,-93,kIlZ2tsuBLYdc7Q7KmJFLJmQyr8=,DcW2jxIrI3/eRGY97X6xmaiQYJk=
125,-94,kIlZ2tsuBLYdc7Q7KmJFLJmQyr8=,DcW2jxIrI3/eRGY97X6xmaiQYJk=
123,-93,kIlZ2tsuBLYdc7Q7KmJFLJmQyr8=,DcW2jxIrI3/eRGY97X6xmaiQYJk=
126,-94,kIlZ2tsuBLYdc7Q7KmJFLJmQyr8=,DcW2jxIrI3/eRGY97X6xmaiQYJk=
122,-91,kIlZ2tsuBLYdc7Q7KmJFLJmQyr8=,DcW2jxIrI3/eRGY97X6xmaiQYJk=
126,-91,kIlZ2tsuBLYdc7Q7KmJFLJmQyr8=,DcW2jxIrI3/eRGY97X6xmaiQYJk=
124,-95,kIlZ2tsuBLYdc7Q7KmJFLJmQyr8=,DcW2jxIrI3/eRGY97X6xmaiQYJk=
121,-96,kIlZ2tsuBLYdc7Q7KmJFLJmQyr8=,DcW2jxIrI3/eRGY97X6xmaiQYJk=
126,-95,kIlZ2tsuBLYdc7Q7KmJFLJmQyr8=,DcW2jxIrI3/eRGY97X6xmaiQYJk=
127,-94,kIlZ2tsuBLYdc7Q7KmJFLJmQyr8=,DcW2jxIrI3/eRGY97X6xmaiQYJk=
120,-89,kIlZ2tsuBLYdc7Q7KmJFLJmQyr8=,DcW2jxIrI3/eRGY97X6xmaiQYJk=
123,-95,kIlZ2tsuBLYdc7Q7KmJFLJmQyr8=,DcW2jxIrI3/eRGY97X6xmaiQYJk=
121,-94,kIlZ2tsuBLYdc7Q7KmJFLJmQyr8=,DcW2jxIrI3/eRGY97X6xmaiQYJk=
127,-93,kIlZ2tsuBLYdc7Q7KmJFLJmQyr8=,DcW2jxIrI3/eRGY97X6xmaiQYJk=
126,-96,kIlZ2tsuBLYdc7Q7KmJFLJmQyr8=,DcW2jxIrI3/eRGY97X6xmaiQYJk=
116,-91,kIlZ2tsuBLYdc7Q7KmJFLJmQyr8=,DcW2jxIrI3/eRGY97X6xmaiQYJk=
123,-96,kIlZ2tsuBLYdc7Q7KmJFLJmQyr8=,DcW2jxIrI3/eRGY97X6xmaiQYJk=
127,-95,kIlZ2tsuBLYdc7Q7KmJFLJmQyr8=,DcW2jxIrI3/eRGY97X6xmaiQYJk=
126,-89,kIlZ2tsuBLYdc7Q7KmJFLJmQyr8=,DcW2jxIrI3/eRGY97X6xmaiQYJk=
122,-96,kIlZ2tsuBLYdc7Q7KmJFLJmQyr8=,DcW2jxIrI3/eRGY97X6xmaiQYJk=
123,-94,kIlZ2tsuBLYdc7Q7KmJFLJmQyr8=,DcW2jxIrI3/eRGY97X6xmaiQYJk=
125,-96,kIlZ2tsuBLYdc7Q7KmJFLJmQyr8=,DcW2jxIrI3/eRGY97X6xmaiQYJk=
114,-91,kIlZ2tsuBLYdc7Q7KmJFLJmQyr8=,DcW2jxIrI3/eRGY97X6xmaiQYJk=
117,-88,kIlZ2tsuBLYdc7Q7KmJFLJmQyr8=,DcW2jxIrI3/eRGY97X6xmaiQYJk=
118,-88,kIlZ2tsuBLYdc7Q7KmJFLJmQyr8=,DcW2jxIrI3/eRGY97X6xmaiQYJk=
119,-88,kIlZ2tsuBLYdc7Q7KmJFLJmQyr8=,DcW2jxIrI3/eRGY97X6xmaiQYJk=
120,-91,kIlZ2tsuBLYdc7Q7KmJFLJmQyr8=,DcW2jxIrI3/eRGY97X6xmaiQYJk=
112,-91,kIlZ2tsuBLYdc7Q7KmJFLJmQyr8=,DcW2jxIrI3/eRGY97X6xmaiQYJk=
113,-91,kIlZ2tsuBLYdc7Q7KmJFLJmQyr8=,DcW2jxIrI3/eRGY97X6xmaiQYJk=
117,-91,kIlZ2tsuBLYdc7Q7KmJFLJmQyr8=,DcW2jxIrI3/eRGY97X6xmaiQYJk=
120,-88,kIlZ2tsuBLYdc7Q7KmJFLJmQyr8=,DcW2jxIrI3/eRGY97X6xmaiQYJk=
120,-90,kIlZ2tsuBLYdc7Q7KmJFLJmQyr8=,DcW2jxIrI3/eRGY97X6xmaiQYJk=
115,-88,kIlZ2tsuBLYdc7Q7KmJFLJmQyr8=,DcW2jxIrI3/eRGY97X6xmaiQYJk=
122,-95,kIlZ2tsuBLYdc7Q7KmJFLJmQyr8=,DcW2jxIrI3/eRGY97X6xmaiQYJk=
115,-91,kIlZ2tsuBLYdc7Q7KmJFLJmQyr8=,DcW2jxIrI3/eRGY97X6xmaiQYJk=
124,-96,kIlZ2tsuBLYdc7Q7KmJFLJmQyr8=,DcW2jxIrI3/eRGY97X6xmaiQYJk=
118,-92,kIlZ2tsuBLYdc7Q7KmJFLJmQyr8=,DcW2jxIrI3/eRGY97X6xmaiQYJk=
117,-92,kIlZ2tsuBLYdc7Q7KmJFLJmQyr8=,DcW2jxIrI3/eRGY97X6xmaiQYJk=
118,-93,kIlZ2tsuBLYdc7Q7KmJFLJmQyr8=,DcW2jxIrI3/eRGY97X6xmaiQYJk=
119,-89,kIlZ2tsuBLYdc7Q7KmJFLJmQyr8=,DcW2jxIrI3/eRGY97X6xmaiQYJk=
127,-89,kIlZ2tsuBLYdc7Q7KmJFLJmQyr8=,DcW2jxIrI3/eRGY97X6xmaiQYJk=
118,-91,kIlZ2tsuBLYdc7Q7KmJFLJmQyr8=,DcW2jxIrI3/eRGY97X6xmaiQYJk=
116,-88,kIlZ2tsuBLYdc7Q7KmJFLJmQyr8=,DcW2jxIrI3/eRGY97X6xmaiQYJk=
114,-92,kIlZ2tsuBLYdc7Q7KmJFLJmQyr8=,DcW2jxIrI3/eRGY97X6xmaiQYJk=
127,-88,kIlZ2tsuBLYdc7Q7KmJFLJmQyr8=,DcW2jxIrI3/eRGY97X6xmaiQYJk=
115,-93,kIlZ2tsuBLYdc7Q7KmJFLJmQyr8=,DcW2jxIrI3/eRGY97X6xmaiQYJk=
115,-92,kIlZ2tsuBLYdc7Q7KmJFLJmQyr8=,DcW2jxIrI3/eRGY97X6xmaiQYJk=
114,-88,kIlZ2tsuBLYdc7Q7KmJFLJmQyr8=,DcW2jxIrI3/eRGY97X6xmaiQYJk=
117,-93,kIlZ2tsuBLYdc7Q7KmJFLJmQyr8=,DcW2jxIrI3/eRGY97X6xmaiQYJk=
112,-92,kIlZ2tsuBLYdc7Q7KmJFLJmQyr8=,DcW2jxIrI3/eRGY97X6xmaiQYJk=
116,-92,kIlZ2tsuBLYdc7Q7KmJFLJmQyr8=,DcW2jxIrI3/eRGY97X6xmaiQYJk=
126,-88,kIlZ2tsuBLYdc7Q7KmJFLJmQyr8=,DcW2jxIrI3/eRGY97X6xmaiQYJk=
119,-94,kIlZ2tsuBLYdc7Q7KmJFLJmQyr8=,DcW2jxIrI3/eRGY97X6xmaiQYJk=
127,-96,kIlZ2tsuBLYdc7Q7KmJFLJmQyr8=,DcW2jxIrI3/eRGY97X6xmaiQYJk=
119,-93,kIlZ2tsuBLYdc7Q7KmJFLJmQyr8=,DcW2jxIrI3/eRGY97X6xmaiQYJk=
119,-92,kIlZ2tsuBLYdc7Q7KmJFLJmQyr8=,DcW2jxIrI3/eRGY97X6xmaiQYJk=
112,-88,kIlZ2tsuBLYdc7Q7KmJFLJmQyr8=,DcW2jxIrI3/eRGY97X6xmaiQYJk=
113,-92,kIlZ2tsuBLYdc7Q7KmJFLJmQyr8=,DcW2jxIrI3/eRGY97X6xmaiQYJk=
125,-88,kIlZ2tsuBLYdc7Q7KmJFLJmQyr8=,DcW2jxIrI3/eRGY97X6xmaiQYJk=
113,-94,kIlZ2tsuBLYdc7Q7KmJFLJmQyr8=,DcW2jxIrI3/eRGY97X6xmaiQYJk=
120,-93,kIlZ2tsuBLYdc7Q7KmJFLJmQyr8=,DcW2jxIrI3/eRGY97X6xmaiQYJk=
120,-92,kIlZ2tsuBLYdc7Q7KmJFLJmQyr8=,DcW2jxIrI3/eRGY97X6xmaiQYJk=
114,-93,kIlZ2tsuBLYdc7Q7KmJFLJmQyr8=,DcW2jxIrI3/eRGY97X6xmaiQYJk=
113,-93,kIlZ2tsuBLYdc7Q7KmJFLJmQyr8=,DcW2jxIrI3/eRGY97X6xmaiQYJk=
119,-91,kIlZ2tsuBLYdc7Q7KmJFLJmQyr8=,DcW2jxIrI3/eRGY97X6xmaiQYJk=
116,-93,kIlZ2tsuBLYdc7Q7KmJFLJmQyr8=,DcW2jxIrI3/eRGY97X6xmaiQYJk=
120,-94,kIlZ2tsuBLYdc7Q7KmJFLJmQyr8=,DcW2jxIrI3/eRGY97X6xmaiQYJk=
117,-89,kIlZ2tsuBLYdc7Q7KmJFLJmQyr8=,DcW2jxIrI3/eRGY97X6xmaiQYJk=
115,-95,kIlZ2tsuBLYdc7Q7KmJFLJmQyr8=,DcW2jxIrI3/eRGY97X6xmaiQYJk=
114,-89,kIlZ2tsuBLYdc7Q7KmJFLJmQyr8=,DcW2jxIrI3/eRGY97X6xmaiQYJk=
112,-93,kIlZ2tsuBLYdc7Q7KmJFLJmQyr8=,DcW2jxIrI3/eRGY97X6xmaiQYJk=
112,-89,kIlZ2tsuBLYdc7Q7KmJFLJmQyr8=,DcW2jxIrI3/eRGY97X6xmaiQYJk=
118,-89,kIlZ2tsuBLYdc7Q7KmJFLJmQyr8=,DcW2jxIrI3/eRGY97X6xmaiQYJk=
117,-94,kIlZ2tsuBLYdc7Q7KmJFLJmQyr8=,DcW2jxIrI3/eRGY97X6xmaiQYJk=
120,-96,kIlZ2tsuBLYdc7Q7KmJFLJmQyr8=,DcW2jxIrI3/eRGY97X6xmaiQYJk=
113,-88,kIlZ2tsuBLYdc7Q7KmJFLJmQyr8=,DcW2jxIrI3/eRGY97X6xmaiQYJk=
116,-89,kIlZ2tsuBLYdc7Q7KmJFLJmQyr8=,DcW2jxIrI3/eRGY97X6xmaiQYJk=
118,-90,kIlZ2tsuBLYdc7Q7KmJFLJmQyr8=,DcW2jxIrI3/eRGY97X6xmaiQYJk=
120,-95,kIlZ2tsuBLYdc7Q7KmJFLJmQyr8=,DcW2jxIrI3/eRGY97X6xmaiQYJk=
115,-94,kIlZ2tsuBLYdc7Q7KmJFLJmQyr8=,DcW2jxIrI3/eRGY97X6xmaiQYJk=
114,-94,kIlZ2tsuBLYdc7Q7KmJFLJmQyr8=,DcW2jxIrI3/eRGY97X6xmaiQYJk=
115,-90,kIlZ2tsuBLYdc7Q7KmJFLJmQyr8=,DcW2jxIrI3/eRGY97X6xmaiQYJk=
113,-89,kIlZ2tsuBLYdc7Q7KmJFLJmQyr8=,DcW2jxIrI3/eRGY97X6xmaiQYJk=
118,-94,kIlZ2tsuBLYdc7Q7KmJFLJmQyr8=,DcW2jxIrI3/eRGY97X6xmaiQYJk=
112,-94,kIlZ2tsuBLYdc7Q7KmJFLJmQyr8=,DcW2jxIrI3/eRGY97X6xmaiQYJk=
118,-95,kIlZ2tsuBLYdc7Q7KmJFLJmQyr8=,DcW2jxIrI3/eRGY97X6xmaiQYJk=
119,-95,kIlZ2tsuBLYdc7Q7KmJFLJmQyr8=,DcW2jxIrI3/eRGY97X6xmaiQYJk=
115,-96,kIlZ2tsuBLYdc7Q7KmJFLJmQyr8=,DcW2jxIrI3/eRGY97X6xmaiQYJk=
112,-90,kIlZ2tsuBLYdc7Q7KmJFLJmQyr8=,DcW2jxIrI3/eRGY97X6xmaiQYJk=
116,-94,kIlZ2tsuBLYdc7Q7KmJFLJmQyr8=,DcW2jxIrI3/eRGY97X6xmaiQYJk=
114,-90,kIlZ2tsuBLYdc7Q7KmJFLJmQyr8=,DcW2jxIrI3/eRGY97X6xmaiQYJk=
113,-90,kIlZ2tsuBLYdc7Q7KmJFLJmQyr8=,DcW2jxIrI3/eRGY97X6xmaiQYJk=
113,-96,kIlZ2tsuBLYdc7Q7KmJFLJmQyr8=,DcW2jxIrI3/eRGY97X6xmaiQYJk=
114,-95,kIlZ2tsuBLYdc7Q7KmJFLJmQyr8=,DcW2jxIrI3/eRGY97X6xmaiQYJk=
116,-96,kIlZ2tsuBLYdc7Q7KmJFLJmQyr8=,DcW2jxIrI3/eRGY97X6xmaiQYJk=
117,-96,kIlZ2tsuBLYdc7Q7KmJFLJmQyr8=,DcW2jxIrI3/eRGY97X6xmaiQYJk=
118,-96,kIlZ2tsuBLYdc7Q7KmJFLJmQyr8=,DcW2jxIrI3/eRGY97X6xmaiQYJk=
112,-95,kIlZ2tsuBLYdc7Q7KmJFLJmQyr8=,DcW2jxIrI3/eRGY97X6xmaiQYJk=
112,-96,kIlZ2tsuBLYdc7Q7KmJFLJmQyr8=,DcW2jxIrI3/eRGY97X6xmaiQYJk=
115,-89,kIlZ2tsuBLYdc7Q7KmJFLJmQyr8=,DcW2jxIrI3/eRGY97X6xmaiQYJk=
116,-95,kIlZ2tsuBLYdc7Q7KmJFLJmQyr8=,DcW2jxIrI3/eRGY97X6xmaiQYJk=
117,-90,kIlZ2tsuBLYdc7Q7KmJFLJmQyr8=,DcW2jxIrI3/eRGY97X6xmaiQYJk=
116,-90,kIlZ2tsuBLYdc7Q7KmJFLJmQyr8=,DcW2jxIrI3/eRGY97X6xmaiQYJk=
119,-96,kIlZ2tsuBLYdc7Q7KmJFLJmQyr8=,DcW2jxIrI3/eRGY97X6xmaiQYJk=
113,-95,kIlZ2tsuBLYdc7Q7KmJFLJmQyr8=,DcW2jxIrI3/eRGY97X6xmaiQYJk=
119,-90,kIlZ2tsuBLYdc7Q7KmJFLJmQyr8=,DcW2jxIrI3/eRGY97X6xmaiQYJk=
117,-95,kIlZ2tsuBLYdc7Q7KmJFLJmQyr8=,DcW2jxIrI3/eRGY97X6xmaiQYJk=
114,-96,kIlZ2tsuBLYdc7Q7KmJFLJmQyr8=,DcW2jxIrI3/eRGY97X6xmaiQYJk=
116,-82,kIlZ2tsuBLYdc7Q7KmJFLJmQyr8=,DcW2jxIrI3/eRGY97X6xmaiQYJk=
100,-91,RMKFR5ocv4VHWa+1PHW66lZ/jQw=,DcW2jxIrI3/eRGY97X6xmaiQYJk=
99,-91,RMKFR5ocv4VHWa+1PHW66lZ/jQw=,DcW2jxIrI3/eRGY97X6xmaiQYJk=
98,-91,RMKFR5ocv4VHWa+1PHW66lZ/jQw=,DcW2jxIrI3/eRGY97X6xmaiQYJk=
97,-91,RMKFR5ocv4VHWa+1PHW66lZ/jQw=,DcW2jxIrI3/eRGY97X6xmaiQYJk=
100,-92,RMKFR5ocv4VHWa+1PHW66lZ/jQw=,DcW2jxIrI3/eRGY97X6xmaiQYJk=
101,-92,RMKFR5ocv4VHWa+1PHW66lZ/jQw=,DcW2jxIrI3/eRGY97X6xmaiQYJk=
99,-92,RMKFR5ocv4VHWa+1PHW66lZ/jQw=,DcW2jxIrI3/eRGY97X6xmaiQYJk=
98,-92,RMKFR5ocv4VHWa+1PHW66lZ/jQw=,DcW2jxIrI3/eRGY97X6xmaiQYJk=
97,-92,RMKFR5ocv4VHWa+1PHW66lZ/jQw=,DcW2jxIrI3/eRGY97X6xmaiQYJk=
101,-93,RMKFR5ocv4VHWa+1PHW66lZ/jQw=,DcW2jxIrI3/eRGY97X6xmaiQYJk=
100,-93,RMKFR5ocv4VHWa+1PHW66lZ/jQw=,DcW2jxIrI3/eRGY97X6xmaiQYJk=
99,-93,RMKFR5ocv4VHWa+1PHW66lZ/jQw=,DcW2jxIrI3/eRGY97X6xmaiQYJk=
98,-93,RMKFR5ocv4VHWa+1PHW66lZ/jQw=,DcW2jxIrI3/eRGY97X6xmaiQYJk=
97,-93,RMKFR5ocv4VHWa+1PHW66lZ/jQw=,DcW2jxIrI3/eRGY97X6xmaiQYJk=
101,-94,RMKFR5ocv4VHWa+1PHW66lZ/jQw=,DcW2jxIrI3/eRGY97X6xmaiQYJk=
100,-94,RMKFR5ocv4VHWa+1PHW66lZ/jQw=,DcW2jxIrI3/eRGY97X6xmaiQYJk=
102,-92,RMKFR5ocv4VHWa+1PHW66lZ/jQw=,DcW2jxIrI3/eRGY97X6xmaiQYJk=
99,-94,RMKFR5ocv4VHWa+1PHW66lZ/jQw=,DcW2jxIrI3/eRGY97X6xmaiQYJk=
98,-94,RMKFR5ocv4VHWa+1PHW66lZ/jQw=,DcW2jxIrI3/eRGY97X6xmaiQYJk=
97,-94,RMKFR5ocv4VHWa+1PHW66lZ/jQw=,DcW2jxIrI3/eRGY97X6xmaiQYJk=
102,-93,RMKFR5ocv4VHWa+1PHW66lZ/jQw=,DcW2jxIrI3/eRGY97X6xmaiQYJk=
100,-95,RMKFR5ocv4VHWa+1PHW66lZ/jQw=,DcW2jxIrI3/eRGY97X6xmaiQYJk=
99,-95,RMKFR5ocv4VHWa+1PHW66lZ/jQw=,DcW2jxIrI3/eRGY97X6xmaiQYJk=
98,-95,RMKFR5ocv4VHWa+1PHW66lZ/jQw=,DcW2jxIrI3/eRGY97X6xmaiQYJk=
97,-95,RMKFR5ocv4VHWa+1PHW66lZ/jQw=,DcW2jxIrI3/eRGY97X6xmaiQYJk=
101,-91,RMKFR5ocv4VHWa+1PHW66lZ/jQw=,DcW2jxIrI3/eRGY97X6xmaiQYJk=
100,-90,RMKFR5ocv4VHWa+1PHW66lZ/jQw=,DcW2jxIrI3/eRGY97X6xmaiQYJk=
102,-94,RMKFR5ocv4VHWa+1PHW66lZ/jQw=,DcW2jxIrI3/eRGY97X6xmaiQYJk=
99,-90,RMKFR5ocv4VHWa+1PHW66lZ/jQw=,DcW2jxIrI3/eRGY97X6xmaiQYJk=
98,-90,RMKFR5ocv4VHWa+1PHW66lZ/jQw=,DcW2jxIrI3/eRGY97X6xmaiQYJk=
97,-90,RMKFR5ocv4VHWa+1PHW66lZ/jQw=,DcW2jxIrI3/eRGY97X6xmaiQYJk=
102,-91,RMKFR5ocv4VHWa+1PHW66lZ/jQw=,DcW2jxIrI3/eRGY97X6xmaiQYJk=
101,-95,RMKFR5ocv4VHWa+1PHW66lZ/jQw=,DcW2jxIrI3/eRGY97X6xmaiQYJk=
101,-90,RMKFR5ocv4VHWa+1PHW66lZ/jQw=,DcW2jxIrI3/eRGY97X6xmaiQYJk=
102,-90,RMKFR5ocv4VHWa+1PHW66lZ/jQw=,DcW2jxIrI3/eRGY97X6xmaiQYJk=
102,-95,RMKFR5ocv4VHWa+1PHW66lZ/jQw=,DcW2jxIrI3/eRGY97X6xmaiQYJk=
96,-91,RLqs9sR4oga7ewXCB63T965+d04=,DcW2jxIrI3/eRGY97X6xmaiQYJk=
96,-92,RLqs9sR4oga7ewXCB63T965+d04=,DcW2jxIrI3/eRGY97X6xmaiQYJk=
96,-93,RLqs9sR4oga7ewXCB63T965+d04=,DcW2jxIrI3/eRGY97X6xmaiQYJk=
96,-94,RLqs9sR4oga7ewXCB63T965+d04=,DcW2jxIrI3/eRGY97X6xmaiQYJk=
96,-90,RLqs9sR4oga7ewXCB63T965+d04=,DcW2jxIrI3/eRGY97X6xmaiQYJk=
96,-95,RLqs9sR4oga7ewXCB63T965+d04=,DcW2jxIrI3/eRGY97X6xmaiQYJk=
100,-96,RLqs9sR4oga7ewXCB63T965+d04=,DcW2jxIrI3/eRGY97X6xmaiQYJk=
97,-96,RLqs9sR4oga7ewXCB63T965+d04=,DcW2jxIrI3/eRGY97X6xmaiQYJk=
99,-96,RLqs9sR4oga7ewXCB63T965+d04=,DcW2jxIrI3/eRGY97X6xmaiQYJk=
98,-96,RLqs9sR4oga7ewXCB63T965+d04=,DcW2jxIrI3/eRGY97X6xmaiQYJk=
101,-96,RLqs9sR4oga7ewXCB63T965+d04=,DcW2jxIrI3/eRGY97X6xmaiQYJk=
102,-96,RLqs9sR4oga7ewXCB63T965+d04=,DcW2jxIrI3/eRGY97X6xmaiQYJk=
96,-96,RLqs9sR4oga7ewXCB63T965+d04=,DcW2jxIrI3/eRGY97X6xmaiQYJk=
99,-85,RLqs9sR4oga7ewXCB63T965+d04=,DcW2jxIrI3/eRGY97X6xmaiQYJk=
98,-85,RLqs9sR4oga7ewXCB63T965+d04=,DcW2jxIrI3/eRGY97X6xmaiQYJk=
97,-85,RLqs9sR4oga7ewXCB63T965+d04=,DcW2jxIrI3/eRGY97X6xmaiQYJk=
96,-85,RLqs9sR4oga7ewXCB63T965+d04=,DcW2jxIrI3/eRGY97X6xmaiQYJk=
100,-85,RLqs9sR4oga7ewXCB63T965+d04=,DcW2jxIrI3/eRGY97X6xmaiQYJk=
102,-81,RLqs9sR4oga7ewXCB63T965+d04=,DcW2jxIrI3/eRGY97X6xmaiQYJk=
102,-86,RLqs9sR4oga7ewXCB63T965+d04=,DcW2jxIrI3/eRGY97X6xmaiQYJk=
101,-86,RLqs9sR4oga7ewXCB63T965+d04=,DcW2jxIrI3/eRGY97X6xmaiQYJk=
96,-81,RLqs9sR4oga7ewXCB63T965+d04=,DcW2jxIrI3/eRGY97X6xmaiQYJk=
100,-86,RLqs9sR4oga7ewXCB63T965+d04=,DcW2jxIrI3/eRGY97X6xmaiQYJk=
99,-86,RLqs9sR4oga7ewXCB63T965+d04=,DcW2jxIrI3/eRGY97X6xmaiQYJk=
98,-86,RLqs9sR4oga7ewXCB63T965+d04=,DcW2jxIrI3/eRGY97X6xmaiQYJk=
97,-86,RLqs9sR4oga7ewXCB63T965+d04=,DcW2jxIrI3/eRGY97X6xmaiQYJk=
97,-81,RLqs9sR4oga7ewXCB63T965+d04=,DcW2jxIrI3/eRGY97X6xmaiQYJk=
102,-82,RLqs9sR4oga7ewXCB63T965+d04=,DcW2jxIrI3/eRGY97X6xmaiQYJk=
99,-81,RLqs9sR4oga7ewXCB63T965+d04=,DcW2jxIrI3/eRGY97X6xmaiQYJk=
96,-86,RLqs9sR4oga7ewXCB63T965+d04=,DcW2jxIrI3/eRGY97X6xmaiQYJk=
98,-81,RLqs9sR4oga7ewXCB63T965+d04=,DcW2jxIrI3/eRGY97X6xmaiQYJk=
100,-81,RLqs9sR4oga7ewXCB63T965+d04=,DcW2jxIrI3/eRGY97X6xmaiQYJk=
96,-82,RLqs9sR4oga7ewXCB63T965+d04=,DcW2jxIrI3/eRGY97X6xmaiQYJk=
102,-87,RLqs9sR4oga7ewXCB63T965+d04=,DcW2jxIrI3/eRGY97X6xmaiQYJk=
101,-82,RLqs9sR4oga7ewXCB63T965+d04=,DcW2jxIrI3/eRGY97X6xmaiQYJk=
100,-87,RLqs9sR4oga7ewXCB63T965+d04=,DcW2jxIrI3/eRGY97X6xmaiQYJk=
101,-85,RLqs9sR4oga7ewXCB63T965+d04=,DcW2jxIrI3/eRGY97X6xmaiQYJk=
100,-82,RLqs9sR4oga7ewXCB63T965+d04=,DcW2jxIrI3/eRGY97X6xmaiQYJk=
99,-87,RLqs9sR4oga7ewXCB63T965+d04=,DcW2jxIrI3/eRGY97X6xmaiQYJk=
101,-81,RLqs9sR4oga7ewXCB63T965+d04=,DcW2jxIrI3/eRGY97X6xmaiQYJk=
100,-83,RLqs9sR4oga7ewXCB63T965+d04=,DcW2jxIrI3/eRGY97X6xmaiQYJk=
98,-87,RLqs9sR4oga7ewXCB63T965+d04=,DcW2jxIrI3/eRGY97X6xmaiQYJk=
102,-85,RLqs9sR4oga7ewXCB63T965+d04=,DcW2jxIrI3/eRGY97X6xmaiQYJk=
96,-89,RLqs9sR4oga7ewXCB63T965+d04=,DcW2jxIrI3/eRGY97X6xmaiQYJk=
97,-89,RLqs9sR4oga7ewXCB63T965+d04=,DcW2jxIrI3/eRGY97X6xmaiQYJk=
96,-84,RLqs9sR4oga7ewXCB63T965+d04=,DcW2jxIrI3/eRGY97X6xmaiQYJk=
97,-84,RLqs9sR4oga7ewXCB63T965+d04=,DcW2jxIrI3/eRGY97X6xmaiQYJk=
98,-89,RLqs9sR4oga7ewXCB63T965+d04=,DcW2jxIrI3/eRGY97X6xmaiQYJk=
99,-89,RLqs9sR4oga7ewXCB63T965+d04=,DcW2jxIrI3/eRGY97X6xmaiQYJk=
100,-89,RLqs9sR4oga7ewXCB63T965+d04=,DcW2jxIrI3/eRGY97X6xmaiQYJk=
98,-84,RLqs9sR4oga7ewXCB63T965+d04=,DcW2jxIrI3/eRGY97X6xmaiQYJk=
97,-87,RLqs9sR4oga7ewXCB63T965+d04=,DcW2jxIrI3/eRGY97X6xmaiQYJk=
96,-87,RLqs9sR4oga7ewXCB63T965+d04=,DcW2jxIrI3/eRGY97X6xmaiQYJk=
99,-84,RLqs9sR4oga7ewXCB63T965+d04=,DcW2jxIrI3/eRGY97X6xmaiQYJk=
97,-82,RLqs9sR4oga7ewXCB63T965+d04=,DcW2jxIrI3/eRGY97X6xmaiQYJk=
101,-87,RLqs9sR4oga7ewXCB63T965+d04=,DcW2jxIrI3/eRGY97X6xmaiQYJk=
102,-88,RLqs9sR4oga7ewXCB63T965+d04=,DcW2jxIrI3/eRGY97X6xmaiQYJk=
99,-82,RLqs9sR4oga7ewXCB63T965+d04=,DcW2jxIrI3/eRGY97X6xmaiQYJk=
96,-83,RLqs9sR4oga7ewXCB63T965+d04=,DcW2jxIrI3/eRGY97X6xmaiQYJk=
98,-82,RLqs9sR4oga7ewXCB63T965+d04=,DcW2jxIrI3/eRGY97X6xmaiQYJk=
100,-88,RLqs9sR4oga7ewXCB63T965+d04=,DcW2jxIrI3/eRGY97X6xmaiQYJk=
99,-88,RLqs9sR4oga7ewXCB63T965+d04=,DcW2jxIrI3/eRGY97X6xmaiQYJk=
98,-88,RLqs9sR4oga7ewXCB63T965+d04=,DcW2jxIrI3/eRGY97X6xmaiQYJk=
99,-83,RLqs9sR4oga7ewXCB63T965+d04=,DcW2jxIrI3/eRGY97X6xmaiQYJk=
97,-88,RLqs9sR4oga7ewXCB63T965+d04=,DcW2jxIrI3/eRGY97X6xmaiQYJk=
101,-83,RLqs9sR4oga7ewXCB63T965+d04=,DcW2jxIrI3/eRGY97X6xmaiQYJk=
96,-88,RLqs9sR4oga7ewXCB63T965+d04=,DcW2jxIrI3/eRGY97X6xmaiQYJk=
102,-89,RLqs9sR4oga7ewXCB63T965+d04=,DcW2jxIrI3/eRGY97X6xmaiQYJk=
102,-83,RLqs9sR4oga7ewXCB63T965+d04=,DcW2jxIrI3/eRGY97X6xmaiQYJk=
101,-88,RLqs9sR4oga7ewXCB63T965+d04=,DcW2jxIrI3/eRGY97X6xmaiQYJk=
100,-84,RLqs9sR4oga7ewXCB63T965+d04=,DcW2jxIrI3/eRGY97X6xmaiQYJk=
101,-84,RLqs9sR4oga7ewXCB63T965+d04=,DcW2jxIrI3/eRGY97X6xmaiQYJk=
97,-83,RLqs9sR4oga7ewXCB63T965+d04=,DcW2jxIrI3/eRGY97X6xmaiQYJk=
98,-83,RLqs9sR4oga7ewXCB63T965+d04=,DcW2jxIrI3/eRGY97X6xmaiQYJk=
102,-84,RLqs9sR4oga7ewXCB63T965+d04=,DcW2jxIrI3/eRGY97X6xmaiQYJk=
101,-89,RLqs9sR4oga7ewXCB63T965+d04=,DcW2jxIrI3/eRGY97X6xmaiQYJk=
108,-81,RLqs9sR4oga7ewXCB63T965+d04=,DcW2jxIrI3/eRGY97X6xmaiQYJk=
108,-82,RLqs9sR4oga7ewXCB63T965+d04=,DcW2jxIrI3/eRGY97X6xmaiQYJk=
107,-87,RLqs9sR4oga7ewXCB63T965+d04=,DcW2jxIrI3/eRGY97X6xmaiQYJk=
107,-81,RLqs9sR4oga7ewXCB63T965+d04=,DcW2jxIrI3/eRGY97X6xmaiQYJk=
106,-81,RLqs9sR4oga7ewXCB63T965+d04=,DcW2jxIrI3/eRGY97X6xmaiQYJk=
109,-83,RLqs9sR4oga7ewXCB63T965+d04=,DcW2jxIrI3/eRGY97X6xmaiQYJk=
105,-86,RLqs9sR4oga7ewXCB63T965+d04=,DcW2jxIrI3/eRGY97X6xmaiQYJk=
108,-83,RLqs9sR4oga7ewXCB63T965+d04=,DcW2jxIrI3/eRGY97X6xmaiQYJk=
111,-84,RLqs9sR4oga7ewXCB63T965+d04=,DcW2jxIrI3/eRGY97X6xmaiQYJk=
103,-86,RLqs9sR4oga7ewXCB63T965+d04=,DcW2jxIrI3/eRGY97X6xmaiQYJk=
106,-87,RLqs9sR4oga7ewXCB63T965+d04=,DcW2jxIrI3/eRGY97X6xmaiQYJk=
109,-81,RLqs9sR4oga7ewXCB63T965+d04=,DcW2jxIrI3/eRGY97X6xmaiQYJk=
110,-83,RLqs9sR4oga7ewXCB63T965+d04=,DcW2jxIrI3/eRGY97X6xmaiQYJk=
107,-82,RLqs9sR4oga7ewXCB63T965+d04=,DcW2jxIrI3/eRGY97X6xmaiQYJk=
107,-83,RLqs9sR4oga7ewXCB63T965+d04=,DcW2jxIrI3/eRGY97X6xmaiQYJk=
106,-82,RLqs9sR4oga7ewXCB63T965+d04=,DcW2jxIrI3/eRGY97X6xmaiQYJk=
107,-84,RLqs9sR4oga7ewXCB63T965+d04=,DcW2jxIrI3/eRGY97X6xmaiQYJk=
105,-82,RLqs9sR4oga7ewXCB63T965+d04=,DcW2jxIrI3/eRGY97X6xmaiQYJk=
106,-84,RLqs9sR4oga7ewXCB63T965+d04=,DcW2jxIrI3/eRGY97X6xmaiQYJk=
103,-83,RLqs9sR4oga7ewXCB63T965+d04=,DcW2jxIrI3/eRGY97X6xmaiQYJk=
106,-83,RLqs9sR4oga7ewXCB63T965+d04=,DcW2jxIrI3/eRGY97X6xmaiQYJk=
103,-81,RLqs9sR4oga7ewXCB63T965+d04=,DcW2jxIrI3/eRGY97X6xmaiQYJk=
110,-84,RLqs9sR4oga7ewXCB63T965+d04=,DcW2jxIrI3/eRGY97X6xmaiQYJk=
104,-86,RLqs9sR4oga7ewXCB63T965+d04=,DcW2jxIrI3/eRGY97X6xmaiQYJk=
109,-87,RLqs9sR4oga7ewXCB63T965+d04=,DcW2jxIrI3/eRGY97X6xmaiQYJk=
105,-84,RLqs9sR4oga7ewXCB63T965+d04=,DcW2jxIrI3/eRGY97X6xmaiQYJk=
105,-83,RLqs9sR4oga7ewXCB63T965+d04=,DcW2jxIrI3/eRGY97X6xmaiQYJk=
103,-82,RLqs9sR4oga7ewXCB63T965+d04=,DcW2jxIrI3/eRGY97X6xmaiQYJk=
103,-87,RLqs9sR4oga7ewXCB63T965+d04=,DcW2jxIrI3/eRGY97X6xmaiQYJk=
109,-84,RLqs9sR4oga7ewXCB63T965+d04=,DcW2jxIrI3/eRGY97X6xmaiQYJk=
110,-82,RLqs9sR4oga7ewXCB63T965+d04=,DcW2jxIrI3/eRGY97X6xmaiQYJk=
110,-81,RLqs9sR4oga7ewXCB63T965+d04=,DcW2jxIrI3/eRGY97X6xmaiQYJk=
111,-82,RLqs9sR4oga7ewXCB63T965+d04=,DcW2jxIrI3/eRGY97X6xmaiQYJk=
108,-84,RLqs9sR4oga7ewXCB63T965+d04=,DcW2jxIrI3/eRGY97X6xmaiQYJk=
111,-87,RLqs9sR4oga7ewXCB63T965+d04=,DcW2jxIrI3/eRGY97X6xmaiQYJk=
105,-87,RLqs9sR4oga7ewXCB63T965+d04=,DcW2jxIrI3/eRGY97X6xmaiQYJk=
111,-86,RLqs9sR4oga7ewXCB63T965+d04=,DcW2jxIrI3/eRGY97X6xmaiQYJk=
104,-87,RLqs9sR4oga7ewXCB63T965+d04=,DcW2jxIrI3/eRGY97X6xmaiQYJk=
103,-84,RLqs9sR4oga7ewXCB63T965+d04=,DcW2jxIrI3/eRGY97X6xmaiQYJk=
104,-85,RLqs9sR4oga7ewXCB63T965+d04=,DcW2jxIrI3/eRGY97X6xmaiQYJk=
111,-83,RLqs9sR4oga7ewXCB63T965+d04=,DcW2jxIrI3/eRGY97X6xmaiQYJk=
108,-87,RLqs9sR4oga7ewXCB63T965+d04=,DcW2jxIrI3/eRGY97X6xmaiQYJk=
110,-87,RLqs9sR4oga7ewXCB63T965+d04=,DcW2jxIrI3/eRGY97X6xmaiQYJk=
111,-85,RLqs9sR4oga7ewXCB63T965+d04=,DcW2jxIrI3/eRGY97X6xmaiQYJk=
109,-86,RLqs9sR4oga7ewXCB63T965+d04=,DcW2jxIrI3/eRGY97X6xmaiQYJk=
107,-86,RLqs9sR4oga7ewXCB63T965+d04=,DcW2jxIrI3/eRGY97X6xmaiQYJk=
104,-83,RLqs9sR4oga7ewXCB63T965+d04=,DcW2jxIrI3/eRGY97X6xmaiQYJk=
107,-85,RLqs9sR4oga7ewXCB63T965+d04=,DcW2jxIrI3/eRGY97X6xmaiQYJk=
106,-85,RLqs9sR4oga7ewXCB63T965+d04=,DcW2jxIrI3/eRGY97X6xmaiQYJk=
108,-85,RLqs9sR4oga7ewXCB63T965+d04=,DcW2jxIrI3/eRGY97X6xmaiQYJk=
106,-86,RLqs9sR4oga7ewXCB63T965+d04=,DcW2jxIrI3/eRGY97X6xmaiQYJk=
110,-86,RLqs9sR4oga7ewXCB63T965+d04=,DcW2jxIrI3/eRGY97X6xmaiQYJk=
111,-81,RLqs9sR4oga7ewXCB63T965+d04=,DcW2jxIrI3/eRGY97X6xmaiQYJk=
104,-84,RLqs9sR4oga7ewXCB63T965+d04=,DcW2jxIrI3/eRGY97X6xmaiQYJk=
104,-82,RLqs9sR4oga7ewXCB63T965+d04=,DcW2jxIrI3/eRGY97X6xmaiQYJk=
110,-85,RLqs9sR4oga7ewXCB63T965+d04=,DcW2jxIrI3/eRGY97X6xmaiQYJk=
103,-85,RLqs9sR4oga7ewXCB63T965+d04=,DcW2jxIrI3/eRGY97X6xmaiQYJk=
104,-81,RLqs9sR4oga7ewXCB63T965+d04=,DcW2jxIrI3/eRGY97X6xmaiQYJk=
109,-82,RLqs9sR4oga7ewXCB63T965+d04=,DcW2jxIrI3/eRGY97X6xmaiQYJk=
109,-85,RLqs9sR4oga7ewXCB63T965+d04=,DcW2jxIrI3/eRGY97X6xmaiQYJk=
105,-85,RLqs9sR4oga7ewXCB63T965+d04=,DcW2jxIrI3/eRGY97X6xmaiQYJk=
108,-86,RLqs9sR4oga7ewXCB63T965+d04=,DcW2jxIrI3/eRGY97X6xmaiQYJk=
105,-81,RLqs9sR4oga7ewXCB63T965+d04=,DcW2jxIrI3/eRGY97X6xmaiQYJk=
105,-89,FICJC2MNx1j+GCyJYPQXDuZuY7M=,DcW2jxIrI3/eRGY97X6xmaiQYJk=
111,-90,FICJC2MNx1j+GCyJYPQXDuZuY7M=,DcW2jxIrI3/eRGY97X6xmaiQYJk=
110,-90,FICJC2MNx1j+GCyJYPQXDuZuY7M=,DcW2jxIrI3/eRGY97X6xmaiQYJk=
104,-89,FICJC2MNx1j+GCyJYPQXDuZuY7M=,DcW2jxIrI3/eRGY97X6xmaiQYJk=
107,-89,FICJC2MNx1j+GCyJYPQXDuZuY7M=,DcW2jxIrI3/eRGY97X6xmaiQYJk=
108,-90,FICJC2MNx1j+GCyJYPQXDuZuY7M=,DcW2jxIrI3/eRGY97X6xmaiQYJk=
109,-90,FICJC2MNx1j+GCyJYPQXDuZuY7M=,DcW2jxIrI3/eRGY97X6xmaiQYJk=
107,-90,FICJC2MNx1j+GCyJYPQXDuZuY7M=,DcW2jxIrI3/eRGY97X6xmaiQYJk=
106,-89,FICJC2MNx1j+GCyJYPQXDuZuY7M=,DcW2jxIrI3/eRGY97X6xmaiQYJk=
107,-88,FICJC2MNx1j+GCyJYPQXDuZuY7M=,DcW2jxIrI3/eRGY97X6xmaiQYJk=
103,-92,FICJC2MNx1j+GCyJYPQXDuZuY7M=,DcW2jxIrI3/eRGY97X6xmaiQYJk=
106,-91,FICJC2MNx1j+GCyJYPQXDuZuY7M=,DcW2jxIrI3/eRGY97X6xmaiQYJk=
103,-91,FICJC2MNx1j+GCyJYPQXDuZuY7M=,DcW2jxIrI3/eRGY97X6xmaiQYJk=
110,-92,FICJC2MNx1j+GCyJYPQXDuZuY7M=,DcW2jxIrI3/eRGY97X6xmaiQYJk=
104,-90,FICJC2MNx1j+GCyJYPQXDuZuY7M=,DcW2jxIrI3/eRGY97X6xmaiQYJk=
106,-90,FICJC2MNx1j+GCyJYPQXDuZuY7M=,DcW2jxIrI3/eRGY97X6xmaiQYJk=
104,-91,FICJC2MNx1j+GCyJYPQXDuZuY7M=,DcW2jxIrI3/eRGY97X6xmaiQYJk=
109,-92,FICJC2MNx1j+GCyJYPQXDuZuY7M=,DcW2jxIrI3/eRGY97X6xmaiQYJk=
107,-91,FICJC2MNx1j+GCyJYPQXDuZuY7M=,DcW2jxIrI3/eRGY97X6xmaiQYJk=
108,-93,FICJC2MNx1j+GCyJYPQXDuZuY7M=,DcW2jxIrI3/eRGY97X6xmaiQYJk=
109,-93,FICJC2MNx1j+GCyJYPQXDuZuY7M=,DcW2jxIrI3/eRGY97X6xmaiQYJk=
105,-92,FICJC2MNx1j+GCyJYPQXDuZuY7M=,DcW2jxIrI3/eRGY97X6xmaiQYJk=
111,-94,FICJC2MNx1j+GCyJYPQXDuZuY7M=,DcW2jxIrI3/eRGY97X6xmaiQYJk=
103,-93,FICJC2MNx1j+GCyJYPQXDuZuY7M=,DcW2jxIrI3/eRGY97X6xmaiQYJk=
103,-94,FICJC2MNx1j+GCyJYPQXDuZuY7M=,DcW2jxIrI3/eRGY97X6xmaiQYJk=
108,-92,FICJC2MNx1j+GCyJYPQXDuZuY7M=,DcW2jxIrI3/eRGY97X6xmaiQYJk=
107,-93,FICJC2MNx1j+GCyJYPQXDuZuY7M=,DcW2jxIrI3/eRGY97X6xmaiQYJk=
109,-94,FICJC2MNx1j+GCyJYPQXDuZuY7M=,DcW2jxIrI3/eRGY97X6xmaiQYJk=
110,-93,FICJC2MNx1j+GCyJYPQXDuZuY7M=,DcW2jxIrI3/eRGY97X6xmaiQYJk=
106,-93,FICJC2MNx1j+GCyJYPQXDuZuY7M=,DcW2jxIrI3/eRGY97X6xmaiQYJk=
105,-93,FICJC2MNx1j+GCyJYPQXDuZuY7M=,DcW2jxIrI3/eRGY97X6xmaiQYJk=
111,-92,FICJC2MNx1j+GCyJYPQXDuZuY7M=,DcW2jxIrI3/eRGY97X6xmaiQYJk=
104,-92,FICJC2MNx1j+GCyJYPQXDuZuY7M=,DcW2jxIrI3/eRGY97X6xmaiQYJk=
108,-94,FICJC2MNx1j+GCyJYPQXDuZuY7M=,DcW2jxIrI3/eRGY97X6xmaiQYJk=
111,-91,FICJC2MNx1j+GCyJYPQXDuZuY7M=,DcW2jxIrI3/eRGY97X6xmaiQYJk=
105,-90,FICJC2MNx1j+GCyJYPQXDuZuY7M=,DcW2jxIrI3/eRGY97X6xmaiQYJk=
105,-94,FICJC2MNx1j+GCyJYPQXDuZuY7M=,DcW2jxIrI3/eRGY97X6xmaiQYJk=
110,-91,FICJC2MNx1j+GCyJYPQXDuZuY7M=,DcW2jxIrI3/eRGY97X6xmaiQYJk=
109,-95,FICJC2MNx1j+GCyJYPQXDuZuY7M=,DcW2jxIrI3/eRGY97X6xmaiQYJk=
107,-95,FICJC2MNx1j+GCyJYPQXDuZuY7M=,DcW2jxIrI3/eRGY97X6xmaiQYJk=
111,-93,FICJC2MNx1j+GCyJYPQXDuZuY7M=,DcW2jxIrI3/eRGY97X6xmaiQYJk=
105,-91,FICJC2MNx1j+GCyJYPQXDuZuY7M=,DcW2jxIrI3/eRGY97X6xmaiQYJk=
106,-92,FICJC2MNx1j+GCyJYPQXDuZuY7M=,DcW2jxIrI3/eRGY97X6xmaiQYJk=
108,-95,FICJC2MNx1j+GCyJYPQXDuZuY7M=,DcW2jxIrI3/eRGY97X6xmaiQYJk=
111,-89,FICJC2MNx1j+GCyJYPQXDuZuY7M=,DcW2jxIrI3/eRGY97X6xmaiQYJk=
103,-89,FICJC2MNx1j+GCyJYPQXDuZuY7M=,DcW2jxIrI3/eRGY97X6xmaiQYJk=
109,-88,FICJC2MNx1j+GCyJYPQXDuZuY7M=,DcW2jxIrI3/eRGY97X6xmaiQYJk=
111,-88,FICJC2MNx1j+GCyJYPQXDuZuY7M=,DcW2jxIrI3/eRGY97X6xmaiQYJk=
108,-91,FICJC2MNx1j+GCyJYPQXDuZuY7M=,DcW2jxIrI3/eRGY97X6xmaiQYJk=
104,-94,FICJC2MNx1j+GCyJYPQXDuZuY7M=,DcW2jxIrI3/eRGY97X6xmaiQYJk=
110,-94,FICJC2MNx1j+GCyJYPQXDuZuY7M=,DcW2jxIrI3/eRGY97X6xmaiQYJk=
108,-89,FICJC2MNx1j+GCyJYPQXDuZuY7M=,DcW2jxIrI3/eRGY97X6xmaiQYJk=
107,-92,FICJC2MNx1j+GCyJYPQXDuZuY7M=,DcW2jxIrI3/eRGY97X6xmaiQYJk=
104,-93,FICJC2MNx1j+GCyJYPQXDuZuY7M=,DcW2jxIrI3/eRGY97X6xmaiQYJk=
107,-94,FICJC2MNx1j+GCyJYPQXDuZuY7M=,DcW2jxIrI3/eRGY97X6xmaiQYJk=
108,-88,FICJC2MNx1j+GCyJYPQXDuZuY7M=,DcW2jxIrI3/eRGY97X6xmaiQYJk=
106,-96,FICJC2MNx1j+GCyJYPQXDuZuY7M=,DcW2jxIrI3/eRGY97X6xmaiQYJk=
106,-94,FICJC2MNx1j+GCyJYPQXDuZuY7M=,DcW2jxIrI3/eRGY97X6xmaiQYJk=
109,-91,FICJC2MNx1j+GCyJYPQXDuZuY7M=,DcW2jxIrI3/eRGY97X6xmaiQYJk=
111,-95,FICJC2MNx1j+GCyJYPQXDuZuY7M=,DcW2jxIrI3/eRGY97X6xmaiQYJk=
110,-95,FICJC2MNx1j+GCyJYPQXDuZuY7M=,DcW2jxIrI3/eRGY97X6xmaiQYJk=
110,-88,FICJC2MNx1j+GCyJYPQXDuZuY7M=,DcW2jxIrI3/eRGY97X6xmaiQYJk=
103,-88,FICJC2MNx1j+GCyJYPQXDuZuY7M=,DcW2jxIrI3/eRGY97X6xmaiQYJk=
103,-90,FICJC2MNx1j+GCyJYPQXDuZuY7M=,DcW2jxIrI3/eRGY97X6xmaiQYJk=
105,-88,FICJC2MNx1j+GCyJYPQXDuZuY7M=,DcW2jxIrI3/eRGY97X6xmaiQYJk=
109,-89,FICJC2MNx1j+GCyJYPQXDuZuY7M=,DcW2jxIrI3/eRGY97X6xmaiQYJk=
107,-96,FICJC2MNx1j+GCyJYPQXDuZuY7M=,DcW2jxIrI3/eRGY97X6xmaiQYJk=
105,-96,FICJC2MNx1j+GCyJYPQXDuZuY7M=,DcW2jxIrI3/eRGY97X6xmaiQYJk=
106,-88,FICJC2MNx1j+GCyJYPQXDuZuY7M=,DcW2jxIrI3/eRGY97X6xmaiQYJk=
106,-95,FICJC2MNx1j+GCyJYPQXDuZuY7M=,DcW2jxIrI3/eRGY97X6xmaiQYJk=
110,-89,FICJC2MNx1j+GCyJYPQXDuZuY7M=,DcW2jxIrI3/eRGY97X6xmaiQYJk=
110,-96,FICJC2MNx1j+GCyJYPQXDuZuY7M=,DcW2jxIrI3/eRGY97X6xmaiQYJk=
108,-96,FICJC2MNx1j+GCyJYPQXDuZuY7M=,DcW2jxIrI3/eRGY97X6xmaiQYJk=
103,-96,FICJC2MNx1j+GCyJYPQXDuZuY7M=,DcW2jxIrI3/eRGY97X6xmaiQYJk=
104,-96,FICJC2MNx1j+GCyJYPQXDuZuY7M=,DcW2jxIrI3/eRGY97X6xmaiQYJk=
109,-96,FICJC2MNx1j+GCyJYPQXDuZuY7M=,DcW2jxIrI3/eRGY97X6xmaiQYJk=
111,-96,FICJC2MNx1j+GCyJYPQXDuZuY7M=,DcW2jxIrI3/eRGY97X6xmaiQYJk=
105,-95,FICJC2MNx1j+GCyJYPQXDuZuY7M=,DcW2jxIrI3/eRGY97X6xmaiQYJk=
104,-88,FICJC2MNx1j+GCyJYPQXDuZuY7M=,DcW2jxIrI3/eRGY97X6xmaiQYJk=
103,-95,FICJC2MNx1j+GCyJYPQXDuZuY7M=,DcW2jxIrI3/eRGY97X6xmaiQYJk=
104,-95,FICJC2MNx1j+GCyJYPQXDuZuY7M=,DcW2jxIrI3/eRGY97X6xmaiQYJk=
105,-79,5eelCJVZzfW/sFJCUkyLSm93V0E=,DcW2jxIrI3/eRGY97X6xmaiQYJk=
109,-74,5eelCJVZzfW/sFJCUkyLSm93V0E=,DcW2jxIrI3/eRGY97X6xmaiQYJk=
110,-74,5eelCJVZzfW/sFJCUkyLSm93V0E=,DcW2jxIrI3/eRGY97X6xmaiQYJk=
108,-74,5eelCJVZzfW/sFJCUkyLSm93V0E=,DcW2jxIrI3/eRGY97X6xmaiQYJk=
106,-75,5eelCJVZzfW/sFJCUkyLSm93V0E=,DcW2jxIrI3/eRGY97X6xmaiQYJk=
108,-75,5eelCJVZzfW/sFJCUkyLSm93V0E=,DcW2jxIrI3/eRGY97X6xmaiQYJk=
110,-76,5eelCJVZzfW/sFJCUkyLSm93V0E=,DcW2jxIrI3/eRGY97X6xmaiQYJk=
110,-75,5eelCJVZzfW/sFJCUkyLSm93V0E=,DcW2jxIrI3/eRGY97X6xmaiQYJk=
107,-74,5eelCJVZzfW/sFJCUkyLSm93V0E=,DcW2jxIrI3/eRGY97X6xmaiQYJk=
109,-77,5eelCJVZzfW/sFJCUkyLSm93V0E=,DcW2jxIrI3/eRGY97X6xmaiQYJk=
107,-76,5eelCJVZzfW/sFJCUkyLSm93V0E=,DcW2jxIrI3/eRGY97X6xmaiQYJk=
109,-76,5eelCJVZzfW/sFJCUkyLSm93V0E=,DcW2jxIrI3/eRGY97X6xmaiQYJk=
106,-74,5eelCJVZzfW/sFJCUkyLSm93V0E=,DcW2jxIrI3/eRGY97X6xmaiQYJk=
107,-75,5eelCJVZzfW/sFJCUkyLSm93V0E=,DcW2jxIrI3/eRGY97X6xmaiQYJk=
107,-77,5eelCJVZzfW/sFJCUkyLSm93V0E=,DcW2jxIrI3/eRGY97X6xmaiQYJk=
108,-76,5eelCJVZzfW/sFJCUkyLSm93V0E=,DcW2jxIrI3/eRGY97X6xmaiQYJk=
109,-78,5eelCJVZzfW/sFJCUkyLSm93V0E=,DcW2jxIrI3/eRGY97X6xmaiQYJk=
107,-78,5eelCJVZzfW/sFJCUkyLSm93V0E=,DcW2jxIrI3/eRGY97X6xmaiQYJk=
106,-78,5eelCJVZzfW/sFJCUkyLSm93V0E=,DcW2jxIrI3/eRGY97X6xmaiQYJk=
108,-78,5eelCJVZzfW/sFJCUkyLSm93V0E=,DcW2jxIrI3/eRGY97X6xmaiQYJk=
105,-78,5eelCJVZzfW/sFJCUkyLSm93V0E=,DcW2jxIrI3/eRGY97X6xmaiQYJk=
110,-79,5eelCJVZzfW/sFJCUkyLSm93V0E=,DcW2jxIrI3/eRGY97X6xmaiQYJk=
109,-79,5eelCJVZzfW/sFJCUkyLSm93V0E=,DcW2jxIrI3/eRGY97X6xmaiQYJk=
109,-75,5eelCJVZzfW/sFJCUkyLSm93V0E=,DcW2jxIrI3/eRGY97X6xmaiQYJk=
108,-79,5eelCJVZzfW/sFJCUkyLSm93V0E=,DcW2jxIrI3/eRGY97X6xmaiQYJk=
107,-79,5eelCJVZzfW/sFJCUkyLSm93V0E=,DcW2jxIrI3/eRGY97X6xmaiQYJk=
106,-79,5eelCJVZzfW/sFJCUkyLSm93V0E=,DcW2jxIrI3/eRGY97X6xmaiQYJk=
106,-77,5eelCJVZzfW/sFJCUkyLSm93V0E=,DcW2jxIrI3/eRGY97X6xmaiQYJk=
105,-75,5eelCJVZzfW/sFJCUkyLSm93V0E=,DcW2jxIrI3/eRGY97X6xmaiQYJk=
108,-77,5eelCJVZzfW/sFJCUkyLSm93V0E=,DcW2jxIrI3/eRGY97X6xmaiQYJk=
105,-74,5eelCJVZzfW/sFJCUkyLSm93V0E=,DcW2jxIrI3/eRGY97X6xmaiQYJk=
105,-76,5eelCJVZzfW/sFJCUkyLSm93V0E=,DcW2jxIrI3/eRGY97X6xmaiQYJk=
110,-78,5eelCJVZzfW/sFJCUkyLSm93V0E=,DcW2jxIrI3/eRGY97X6xmaiQYJk=
106,-76,5eelCJVZzfW/sFJCUkyLSm93V0E=,DcW2jxIrI3/eRGY97X6xmaiQYJk=
110,-77,5eelCJVZzfW/sFJCUkyLSm93V0E=,DcW2jxIrI3/eRGY97X6xmaiQYJk=
105,-77,5eelCJVZzfW/sFJCUkyLSm93V0E=,DcW2jxIrI3/eRGY97X6xmaiQYJk=
111,-79,5eelCJVZzfW/sFJCUkyLSm93V0E=,DcW2jxIrI3/eRGY97X6xmaiQYJk=
111,-74,5eelCJVZzfW/sFJCUkyLSm93V0E=,DcW2jxIrI3/eRGY97X6xmaiQYJk=
111,-75,5eelCJVZzfW/sFJCUkyLSm93V0E=,DcW2jxIrI3/eRGY97X6xmaiQYJk=
111,-77,5eelCJVZzfW/sFJCUkyLSm93V0E=,DcW2jxIrI3/eRGY97X6xmaiQYJk=
111,-78,5eelCJVZzfW/sFJCUkyLSm93V0E=,DcW2jxIrI3/eRGY97X6xmaiQYJk=
111,-76,5eelCJVZzfW/sFJCUkyLSm93V0E=,DcW2jxIrI3/eRGY97X6xmaiQYJk=
99,-69,5eelCJVZzfW/sFJCUkyLSm93V0E=,cJ1rFWd1Lys9qptV2f3uniKvBEE=
97,-69,oVdv7xKxewbXMS2EnHRgDMZvECA=,cJ1rFWd1Lys9qptV2f3uniKvBEE=
99,-65,oVdv7xKxewbXMS2EnHRgDMZvECA=,cJ1rFWd1Lys9qptV2f3uniKvBEE=
100,-69,oVdv7xKxewbXMS2EnHRgDMZvECA=,cJ1rFWd1Lys9qptV2f3uniKvBEE=
98,-69,oVdv7xKxewbXMS2EnHRgDMZvECA=,cJ1rFWd1Lys9qptV2f3uniKvBEE=
102,-65,oVdv7xKxewbXMS2EnHRgDMZvECA=,cJ1rFWd1Lys9qptV2f3uniKvBEE=
97,-65,oVdv7xKxewbXMS2EnHRgDMZvECA=,cJ1rFWd1Lys9qptV2f3uniKvBEE=
102,-70,oVdv7xKxewbXMS2EnHRgDMZvECA=,cJ1rFWd1Lys9qptV2f3uniKvBEE=
101,-65,oVdv7xKxewbXMS2EnHRgDMZvECA=,cJ1rFWd1Lys9qptV2f3uniKvBEE=
96,-69,oVdv7xKxewbXMS2EnHRgDMZvECA=,cJ1rFWd1Lys9qptV2f3uniKvBEE=
100,-65,oVdv7xKxewbXMS2EnHRgDMZvECA=,cJ1rFWd1Lys9qptV2f3uniKvBEE=
100,-70,oVdv7xKxewbXMS2EnHRgDMZvECA=,cJ1rFWd1Lys9qptV2f3uniKvBEE=
106,-80,oVdv7xKxewbXMS2EnHRgDMZvECA=,DcW2jxIrI3/eRGY97X6xmaiQYJk=
105,-80,oVdv7xKxewbXMS2EnHRgDMZvECA=,DcW2jxIrI3/eRGY97X6xmaiQYJk=
107,-80,oVdv7xKxewbXMS2EnHRgDMZvECA=,DcW2jxIrI3/eRGY97X6xmaiQYJk=
108,-80,oVdv7xKxewbXMS2EnHRgDMZvECA=,DcW2jxIrI3/eRGY97X6xmaiQYJk=
109,-80,oVdv7xKxewbXMS2EnHRgDMZvECA=,DcW2jxIrI3/eRGY97X6xmaiQYJk=
98,-65,oVdv7xKxewbXMS2EnHRgDMZvECA=,cJ1rFWd1Lys9qptV2f3uniKvBEE=
97,-70,oVdv7xKxewbXMS2EnHRgDMZvECA=,cJ1rFWd1Lys9qptV2f3uniKvBEE=
98,-70,oVdv7xKxewbXMS2EnHRgDMZvECA=,cJ1rFWd1Lys9qptV2f3uniKvBEE=
102,-66,oVdv7xKxewbXMS2EnHRgDMZvECA=,cJ1rFWd1Lys9qptV2f3uniKvBEE=
101,-66,oVdv7xKxewbXMS2EnHRgDMZvECA=,cJ1rFWd1Lys9qptV2f3uniKvBEE=
110,-80,oVdv7xKxewbXMS2EnHRgDMZvECA=,DcW2jxIrI3/eRGY97X6xmaiQYJk=
99,-71,oVdv7xKxewbXMS2EnHRgDMZvECA=,cJ1rFWd1Lys9qptV2f3uniKvBEE=
101,-69,oVdv7xKxewbXMS2EnHRgDMZvECA=,cJ1rFWd1Lys9qptV2f3uniKvBEE=
99,-70,oVdv7xKxewbXMS2EnHRgDMZvECA=,cJ1rFWd1Lys9qptV2f3uniKvBEE=
101,-70,oVdv7xKxewbXMS2EnHRgDMZvECA=,cJ1rFWd1Lys9qptV2f3uniKvBEE=
101,-71,oVdv7xKxewbXMS2EnHRgDMZvECA=,cJ1rFWd1Lys9qptV2f3uniKvBEE=
96,-70,oVdv7xKxewbXMS2EnHRgDMZvECA=,cJ1rFWd1Lys9qptV2f3uniKvBEE=
98,-66,oVdv7xKxewbXMS2EnHRgDMZvECA=,cJ1rFWd1Lys9qptV2f3uniKvBEE=
102,-69,oVdv7xKxewbXMS2EnHRgDMZvECA=,cJ1rFWd1Lys9qptV2f3uniKvBEE=
102,-67,oVdv7xKxewbXMS2EnHRgDMZvECA=,cJ1rFWd1Lys9qptV2f3uniKvBEE=
98,-71,oVdv7xKxewbXMS2EnHRgDMZvECA=,cJ1rFWd1Lys9qptV2f3uniKvBEE=
97,-71,oVdv7xKxewbXMS2EnHRgDMZvECA=,cJ1rFWd1Lys9qptV2f3uniKvBEE=
100,-71,oVdv7xKxewbXMS2EnHRgDMZvECA=,cJ1rFWd1Lys9qptV2f3uniKvBEE=
101,-67,oVdv7xKxewbXMS2EnHRgDMZvECA=,cJ1rFWd1Lys9qptV2f3uniKvBEE=
99,-66,oVdv7xKxewbXMS2EnHRgDMZvECA=,cJ1rFWd1Lys9qptV2f3uniKvBEE=
102,-71,oVdv7xKxewbXMS2EnHRgDMZvECA=,cJ1rFWd1Lys9qptV2f3uniKvBEE=
100,-68,oVdv7xKxewbXMS2EnHRgDMZvECA=,cJ1rFWd1Lys9qptV2f3uniKvBEE=
101,-68,oVdv7xKxewbXMS2EnHRgDMZvECA=,cJ1rFWd1Lys9qptV2f3uniKvBEE=
98,-67,oVdv7xKxewbXMS2EnHRgDMZvECA=,cJ1rFWd1Lys9qptV2f3uniKvBEE=
96,-66,oVdv7xKxewbXMS2EnHRgDMZvECA=,cJ1rFWd1Lys9qptV2f3uniKvBEE=
100,-66,oVdv7xKxewbXMS2EnHRgDMZvECA=,cJ1rFWd1Lys9qptV2f3uniKvBEE=
99,-68,oVdv7xKxewbXMS2EnHRgDMZvECA=,cJ1rFWd1Lys9qptV2f3uniKvBEE=
102,-68,oVdv7xKxewbXMS2EnHRgDMZvECA=,cJ1rFWd1Lys9qptV2f3uniKvBEE=
98,-68,oVdv7xKxewbXMS2EnHRgDMZvECA=,cJ1rFWd1Lys9qptV2f3uniKvBEE=
99,-67,oVdv7xKxewbXMS2EnHRgDMZvECA=,cJ1rFWd1Lys9qptV2f3uniKvBEE=
97,-67,oVdv7xKxewbXMS2EnHRgDMZvECA=,cJ1rFWd1Lys9qptV2f3uniKvBEE=
97,-68,oVdv7xKxewbXMS2EnHRgDMZvECA=,cJ1rFWd1Lys9qptV2f3uniKvBEE=
97,-66,oVdv7xKxewbXMS2EnHRgDMZvECA=,cJ1rFWd1Lys9qptV2f3uniKvBEE=
96,-68,oVdv7xKxewbXMS2EnHRgDMZvECA=,cJ1rFWd1Lys9qptV2f3uniKvBEE=
100,-67,oVdv7xKxewbXMS2EnHRgDMZvECA=,cJ1rFWd1Lys9qptV2f3uniKvBEE=
96,-67,oVdv7xKxewbXMS2EnHRgDMZvECA=,cJ1rFWd1Lys9qptV2f3uniKvBEE=
96,-71,oVdv7xKxewbXMS2EnHRgDMZvECA=,cJ1rFWd1Lys9qptV2f3uniKvBEE=
103,-65,oVdv7xKxewbXMS2EnHRgDMZvECA=,cJ1rFWd1Lys9qptV2f3uniKvBEE=
109,-66,oVdv7xKxewbXMS2EnHRgDMZvECA=,WnMDFa7yC9IZj8kWhrlbq6UBL8k=
107,-65,oVdv7xKxewbXMS2EnHRgDMZvECA=,WnMDFa7yC9IZj8kWhrlbq6UBL8k=
106,-66,oVdv7xKxewbXMS2EnHRgDMZvECA=,WnMDFa7yC9IZj8kWhrlbq6UBL8k=
107,-66,oVdv7xKxewbXMS2EnHRgDMZvECA=,WnMDFa7yC9IZj8kWhrlbq6UBL8k=
109,-67,oVdv7xKxewbXMS2EnHRgDMZvECA=,WnMDFa7yC9IZj8kWhrlbq6UBL8k=
106,-65,oVdv7xKxewbXMS2EnHRgDMZvECA=,WnMDFa7yC9IZj8kWhrlbq6UBL8k=
111,-66,oVdv7xKxewbXMS2EnHRgDMZvECA=,WnMDFa7yC9IZj8kWhrlbq6UBL8k=
104,-65,oVdv7xKxewbXMS2EnHRgDMZvECA=,WnMDFa7yC9IZj8kWhrlbq6UBL8k=
105,-68,oVdv7xKxewbXMS2EnHRgDMZvECA=,WnMDFa7yC9IZj8kWhrlbq6UBL8k=
111,-68,oVdv7xKxewbXMS2EnHRgDMZvECA=,WnMDFa7yC9IZj8kWhrlbq6UBL8k=
110,-66,oVdv7xKxewbXMS2EnHRgDMZvECA=,WnMDFa7yC9IZj8kWhrlbq6UBL8k=
103,-66,oVdv7xKxewbXMS2EnHRgDMZvECA=,cJ1rFWd1Lys9qptV2f3uniKvBEE=
107,-73,oVdv7xKxewbXMS2EnHRgDMZvECA=,DcW2jxIrI3/eRGY97X6xmaiQYJk=
105,-65,oVdv7xKxewbXMS2EnHRgDMZvECA=,WnMDFa7yC9IZj8kWhrlbq6UBL8k=
106,-70,oVdv7xKxewbXMS2EnHRgDMZvECA=,WnMDFa7yC9IZj8kWhrlbq6UBL8k=
103,-71,oVdv7xKxewbXMS2EnHRgDMZvECA=,cJ1rFWd1Lys9qptV2f3uniKvBEE=
103,-67,oVdv7xKxewbXMS2EnHRgDMZvECA=,cJ1rFWd1Lys9qptV2f3uniKvBEE=
104,-68,oVdv7xKxewbXMS2EnHRgDMZvECA=,WnMDFa7yC9IZj8kWhrlbq6UBL8k=
107,-72,oVdv7xKxewbXMS2EnHRgDMZvECA=,WnMDFa7yC9IZj8kWhrlbq6UBL8k=
106,-73,oVdv7xKxewbXMS2EnHRgDMZvECA=,DcW2jxIrI3/eRGY97X6xmaiQYJk=
107,-67,oVdv7xKxewbXMS2EnHRgDMZvECA=,WnMDFa7yC9IZj8kWhrlbq6UBL8k=
109,-68,oVdv7xKxewbXMS2EnHRgDMZvECA=,WnMDFa7yC9IZj8kWhrlbq6UBL8k=
111,-69,oVdv7xKxewbXMS2EnHRgDMZvECA=,WnMDFa7yC9IZj8kWhrlbq6UBL8k=
103,-70,oVdv7xKxewbXMS2EnHRgDMZvECA=,cJ1rFWd1Lys9qptV2f3uniKvBEE=
105,-70,oVdv7xKxewbXMS2EnHRgDMZvECA=,WnMDFa7yC9IZj8kWhrlbq6UBL8k=
108,-67,oVdv7xKxewbXMS2EnHRgDMZvECA=,WnMDFa7yC9IZj8kWhrlbq6UBL8k=
106,-67,oVdv7xKxewbXMS2EnHRgDMZvECA=,WnMDFa7yC9IZj8kWhrlbq6UBL8k=
105,-67,oVdv7xKxewbXMS2EnHRgDMZvECA=,WnMDFa7yC9IZj8kWhrlbq6UBL8k=
110,-68,oVdv7xKxewbXMS2EnHRgDMZvECA=,WnMDFa7yC9IZj8kWhrlbq6UBL8k=
107,-70,oVdv7xKxewbXMS2EnHRgDMZvECA=,WnMDFa7yC9IZj8kWhrlbq6UBL8k=
110,-71,oVdv7xKxewbXMS2EnHRgDMZvECA=,WnMDFa7yC9IZj8kWhrlbq6UBL8k=
109,-69,oVdv7xKxewbXMS2EnHRgDMZvECA=,WnMDFa7yC9IZj8kWhrlbq6UBL8k=
110,-67,oVdv7xKxewbXMS2EnHRgDMZvECA=,WnMDFa7yC9IZj8kWhrlbq6UBL8k=
109,-72,oVdv7xKxewbXMS2EnHRgDMZvECA=,WnMDFa7yC9IZj8kWhrlbq6UBL8k=
104,-67,oVdv7xKxewbXMS2EnHRgDMZvECA=,WnMDFa7yC9IZj8kWhrlbq6UBL8k=
107,-68,oVdv7xKxewbXMS2EnHRgDMZvECA=,WnMDFa7yC9IZj8kWhrlbq6UBL8k=
105,-71,oVdv7xKxewbXMS2EnHRgDMZvECA=,WnMDFa7yC9IZj8kWhrlbq6UBL8k=
111,-72,oVdv7xKxewbXMS2EnHRgDMZvECA=,WnMDFa7yC9IZj8kWhrlbq6UBL8k=
110,-72,oVdv7xKxewbXMS2EnHRgDMZvECA=,WnMDFa7yC9IZj8kWhrlbq6UBL8k=
104,-69,oVdv7xKxewbXMS2EnHRgDMZvECA=,WnMDFa7yC9IZj8kWhrlbq6UBL8k=
110,-69,oVdv7xKxewbXMS2EnHRgDMZvECA=,WnMDFa7yC9IZj8kWhrlbq6UBL8k=
105,-69,oVdv7xKxewbXMS2EnHRgDMZvECA=,WnMDFa7yC9IZj8kWhrlbq6UBL8k=
103,-68,oVdv7xKxewbXMS2EnHRgDMZvECA=,cJ1rFWd1Lys9qptV2f3uniKvBEE=
106,-71,oVdv7xKxewbXMS2EnHRgDMZvECA=,WnMDFa7yC9IZj8kWhrlbq6UBL8k=
105,-73,oVdv7xKxewbXMS2EnHRgDMZvECA=,DcW2jxIrI3/eRGY97X6xmaiQYJk=
108,-73,oVdv7xKxewbXMS2EnHRgDMZvECA=,DcW2jxIrI3/eRGY97X6xmaiQYJk=
105,-66,oVdv7xKxewbXMS2EnHRgDMZvECA=,WnMDFa7yC9IZj8kWhrlbq6UBL8k=
108,-68,oVdv7xKxewbXMS2EnHRgDMZvECA=,WnMDFa7yC9IZj8kWhrlbq6UBL8k=
99,-76,oVdv7xKxewbXMS2EnHRgDMZvECA=,DcW2jxIrI3/eRGY97X6xmaiQYJk=
100,-75,oVdv7xKxewbXMS2EnHRgDMZvECA=,DcW2jxIrI3/eRGY97X6xmaiQYJk=
107,-71,oVdv7xKxewbXMS2EnHRgDMZvECA=,WnMDFa7yC9IZj8kWhrlbq6UBL8k=
106,-72,oVdv7xKxewbXMS2EnHRgDMZvECA=,WnMDFa7yC9IZj8kWhrlbq6UBL8k=
98,-75,oVdv7xKxewbXMS2EnHRgDMZvECA=,DcW2jxIrI3/eRGY97X6xmaiQYJk=
104,-73,oVdv7xKxewbXMS2EnHRgDMZvECA=,DcW2jxIrI3/eRGY97X6xmaiQYJk=
104,-70,oVdv7xKxewbXMS2EnHRgDMZvECA=,WnMDFa7yC9IZj8kWhrlbq6UBL8k=
109,-71,oVdv7xKxewbXMS2EnHRgDMZvECA=,WnMDFa7yC9IZj8kWhrlbq6UBL8k=
96,-75,oVdv7xKxewbXMS2EnHRgDMZvECA=,DcW2jxIrI3/eRGY97X6xmaiQYJk=
100,-76,oVdv7xKxewbXMS2EnHRgDMZvECA=,DcW2jxIrI3/eRGY97X6xmaiQYJk=
111,-67,oVdv7xKxewbXMS2EnHRgDMZvECA=,WnMDFa7yC9IZj8kWhrlbq6UBL8k=
108,-66,oVdv7xKxewbXMS2EnHRgDMZvECA=,WnMDFa7yC9IZj8kWhrlbq6UBL8k=
104,-71,oVdv7xKxewbXMS2EnHRgDMZvECA=,WnMDFa7yC9IZj8kWhrlbq6UBL8k=
111,-71,oVdv7xKxewbXMS2EnHRgDMZvECA=,WnMDFa7yC9IZj8kWhrlbq6UBL8k=
96,-76,oVdv7xKxewbXMS2EnHRgDMZvECA=,DcW2jxIrI3/eRGY97X6xmaiQYJk=
106,-68,oVdv7xKxewbXMS2EnHRgDMZvECA=,WnMDFa7yC9IZj8kWhrlbq6UBL8k=
111,-70,oVdv7xKxewbXMS2EnHRgDMZvECA=,WnMDFa7yC9IZj8kWhrlbq6UBL8k=
103,-76,oVdv7xKxewbXMS2EnHRgDMZvECA=,DcW2jxIrI3/eRGY97X6xmaiQYJk=
106,-69,oVdv7xKxewbXMS2EnHRgDMZvECA=,WnMDFa7yC9IZj8kWhrlbq6UBL8k=
110,-73,oVdv7xKxewbXMS2EnHRgDMZvECA=,DcW2jxIrI3/eRGY97X6xmaiQYJk=
97,-75,oVdv7xKxewbXMS2EnHRgDMZvECA=,DcW2jxIrI3/eRGY97X6xmaiQYJk=
101,-76,oVdv7xKxewbXMS2EnHRgDMZvECA=,DcW2jxIrI3/eRGY97X6xmaiQYJk=
108,-65,oVdv7xKxewbXMS2EnHRgDMZvECA=,WnMDFa7yC9IZj8kWhrlbq6UBL8k=
109,-73,oVdv7xKxewbXMS2EnHRgDMZvECA=,DcW2jxIrI3/eRGY97X6xmaiQYJk=
111,-73,oVdv7xKxewbXMS2EnHRgDMZvECA=,DcW2jxIrI3/eRGY97X6xmaiQYJk=
104,-66,oVdv7xKxewbXMS2EnHRgDMZvECA=,WnMDFa7yC9IZj8kWhrlbq6UBL8k=
104,-75,oVdv7xKxewbXMS2EnHRgDMZvECA=,DcW2jxIrI3/eRGY97X6xmaiQYJk=
108,-69,oVdv7xKxewbXMS2EnHRgDMZvECA=,WnMDFa7yC9IZj8kWhrlbq6UBL8k=
102,-76,oVdv7xKxewbXMS2EnHRgDMZvECA=,DcW2jxIrI3/eRGY97X6xmaiQYJk=
104,-74,oVdv7xKxewbXMS2EnHRgDMZvECA=,DcW2jxIrI3/eRGY97X6xmaiQYJk=
110,-65,oVdv7xKxewbXMS2EnHRgDMZvECA=,WnMDFa7yC9IZj8kWhrlbq6UBL8k=
97,-76,oVdv7xKxewbXMS2EnHRgDMZvECA=,DcW2jxIrI3/eRGY97X6xmaiQYJk=
99,-75,oVdv7xKxewbXMS2EnHRgDMZvECA=,DcW2jxIrI3/eRGY97X6xmaiQYJk=
108,-70,oVdv7xKxewbXMS2EnHRgDMZvECA=,WnMDFa7yC9IZj8kWhrlbq6UBL8k=
101,-72,oVdv7xKxewbXMS2EnHRgDMZvECA=,cJ1rFWd1Lys9qptV2f3uniKvBEE=
101,-77,oVdv7xKxewbXMS2EnHRgDMZvECA=,DcW2jxIrI3/eRGY97X6xmaiQYJk=
102,-72,oVdv7xKxewbXMS2EnHRgDMZvECA=,cJ1rFWd1Lys9qptV2f3uniKvBEE=
108,-71,oVdv7xKxewbXMS2EnHRgDMZvECA=,WnMDFa7yC9IZj8kWhrlbq6UBL8k=
100,-72,oVdv7xKxewbXMS2EnHRgDMZvECA=,cJ1rFWd1Lys9qptV2f3uniKvBEE=
109,-65,oVdv7xKxewbXMS2EnHRgDMZvECA=,WnMDFa7yC9IZj8kWhrlbq6UBL8k=
109,-70,oVdv7xKxewbXMS2EnHRgDMZvECA=,WnMDFa7yC9IZj8kWhrlbq6UBL8k=
99,-77,oVdv7xKxewbXMS2EnHRgDMZvECA=,DcW2jxIrI3/eRGY97X6xmaiQYJk=
103,-72,oVdv7xKxewbXMS2EnHRgDMZvECA=,cJ1rFWd1Lys9qptV2f3uniKvBEE=
103,-69,oVdv7xKxewbXMS2EnHRgDMZvECA=,cJ1rFWd1Lys9qptV2f3uniKvBEE=
100,-77,oVdv7xKxewbXMS2EnHRgDMZvECA=,DcW2jxIrI3/eRGY97X6xmaiQYJk=
110,-70,oVdv7xKxewbXMS2EnHRgDMZvECA=,WnMDFa7yC9IZj8kWhrlbq6UBL8k=
107,-69,oVdv7xKxewbXMS2EnHRgDMZvECA=,WnMDFa7yC9IZj8kWhrlbq6UBL8k=
108,-72,oVdv7xKxewbXMS2EnHRgDMZvECA=,WnMDFa7yC9IZj8kWhrlbq6UBL8k=
98,-76,oVdv7xKxewbXMS2EnHRgDMZvECA=,DcW2jxIrI3/eRGY97X6xmaiQYJk=
97,-72,oVdv7xKxewbXMS2EnHRgDMZvECA=,cJ1rFWd1Lys9qptV2f3uniKvBEE=
96,-72,oVdv7xKxewbXMS2EnHRgDMZvECA=,cJ1rFWd1Lys9qptV2f3uniKvBEE=
102,-77,oVdv7xKxewbXMS2EnHRgDMZvECA=,DcW2jxIrI3/eRGY97X6xmaiQYJk=
101,-75,oVdv7xKxewbXMS2EnHRgDMZvECA=,DcW2jxIrI3/eRGY97X6xmaiQYJk=
103,-77,oVdv7xKxewbXMS2EnHRgDMZvECA=,DcW2jxIrI3/eRGY97X6xmaiQYJk=
105,-72,oVdv7xKxewbXMS2EnHRgDMZvECA=,WnMDFa7yC9IZj8kWhrlbq6UBL8k=
104,-78,oVdv7xKxewbXMS2EnHRgDMZvECA=,DcW2jxIrI3/eRGY97X6xmaiQYJk=
102,-73,oVdv7xKxewbXMS2EnHRgDMZvECA=,DcW2jxIrI3/eRGY97X6xmaiQYJk=
98,-72,oVdv7xKxewbXMS2EnHRgDMZvECA=,cJ1rFWd1Lys9qptV2f3uniKvBEE=
102,-78,oVdv7xKxewbXMS2EnHRgDMZvECA=,DcW2jxIrI3/eRGY97X6xmaiQYJk=
98,-77,oVdv7xKxewbXMS2EnHRgDMZvECA=,DcW2jxIrI3/eRGY97X6xmaiQYJk=
97,-77,oVdv7xKxewbXMS2EnHRgDMZvECA=,DcW2jxIrI3/eRGY97X6xmaiQYJk=
100,-78,oVdv7xKxewbXMS2EnHRgDMZvECA=,DcW2jxIrI3/eRGY97X6xmaiQYJk=
96,-77,oVdv7xKxewbXMS2EnHRgDMZvECA=,DcW2jxIrI3/eRGY97X6xmaiQYJk=
98,-78,oVdv7xKxewbXMS2EnHRgDMZvECA=,DcW2jxIrI3/eRGY97X6xmaiQYJk=
102,-75,oVdv7xKxewbXMS2EnHRgDMZvECA=,DcW2jxIrI3/eRGY97X6xmaiQYJk=
96,-78,oVdv7xKxewbXMS2EnHRgDMZvECA=,DcW2jxIrI3/eRGY97X6xmaiQYJk=
98,-73,oVdv7xKxewbXMS2EnHRgDMZvECA=,DcW2jxIrI3/eRGY97X6xmaiQYJk=
104,-76,oVdv7xKxewbXMS2EnHRgDMZvECA=,DcW2jxIrI3/eRGY97X6xmaiQYJk=
99,-72,oVdv7xKxewbXMS2EnHRgDMZvECA=,cJ1rFWd1Lys9qptV2f3uniKvBEE=
103,-73,oVdv7xKxewbXMS2EnHRgDMZvECA=,DcW2jxIrI3/eRGY97X6xmaiQYJk=
104,-77,oVdv7xKxewbXMS2EnHRgDMZvECA=,DcW2jxIrI3/eRGY97X6xmaiQYJk=
104,-79,oVdv7xKxewbXMS2EnHRgDMZvECA=,DcW2jxIrI3/eRGY97X6xmaiQYJk=
99,-73,oVdv7xKxewbXMS2EnHRgDMZvECA=,DcW2jxIrI3/eRGY97X6xmaiQYJk=
99,-78,oVdv7xKxewbXMS2EnHRgDMZvECA=,DcW2jxIrI3/eRGY97X6xmaiQYJk=
101,-79,oVdv7xKxewbXMS2EnHRgDMZvECA=,DcW2jxIrI3/eRGY97X6xmaiQYJk=
100,-73,oVdv7xKxewbXMS2EnHRgDMZvECA=,DcW2jxIrI3/eRGY97X6xmaiQYJk=
97,-78,oVdv7xKxewbXMS2EnHRgDMZvECA=,DcW2jxIrI3/eRGY97X6xmaiQYJk=
101,-78,oVdv7xKxewbXMS2EnHRgDMZvECA=,DcW2jxIrI3/eRGY97X6xmaiQYJk=
103,-78,oVdv7xKxewbXMS2EnHRgDMZvECA=,DcW2jxIrI3/eRGY97X6xmaiQYJk=
101,-73,oVdv7xKxewbXMS2EnHRgDMZvECA=,DcW2jxIrI3/eRGY97X6xmaiQYJk=
102,-79,oVdv7xKxewbXMS2EnHRgDMZvECA=,DcW2jxIrI3/eRGY97X6xmaiQYJk=
96,-73,oVdv7xKxewbXMS2EnHRgDMZvECA=,DcW2jxIrI3/eRGY97X6xmaiQYJk=
96,-79,oVdv7xKxewbXMS2EnHRgDMZvECA=,DcW2jxIrI3/eRGY97X6xmaiQYJk=
102,-80,oVdv7xKxewbXMS2EnHRgDMZvECA=,DcW2jxIrI3/eRGY97X6xmaiQYJk=
104,-80,oVdv7xKxewbXMS2EnHRgDMZvECA=,DcW2jxIrI3/eRGY97X6xmaiQYJk=
103,-79,oVdv7xKxewbXMS2EnHRgDMZvECA=,DcW2jxIrI3/eRGY97X6xmaiQYJk=
104,-72,oVdv7xKxewbXMS2EnHRgDMZvECA=,WnMDFa7yC9IZj8kWhrlbq6UBL8k=
98,-74,oVdv7xKxewbXMS2EnHRgDMZvECA=,DcW2jxIrI3/eRGY97X6xmaiQYJk=
101,-74,oVdv7xKxewbXMS2EnHRgDMZvECA=,DcW2jxIrI3/eRGY97X6xmaiQYJk=
98,-80,oVdv7xKxewbXMS2EnHRgDMZvECA=,DcW2jxIrI3/eRGY97X6xmaiQYJk=
103,-80,oVdv7xKxewbXMS2EnHRgDMZvECA=,DcW2jxIrI3/eRGY97X6xmaiQYJk=
97,-73,oVdv7xKxewbXMS2EnHRgDMZvECA=,DcW2jxIrI3/eRGY97X6xmaiQYJk=
103,-74,oVdv7xKxewbXMS2EnHRgDMZvECA=,DcW2jxIrI3/eRGY97X6xmaiQYJk=
102,-74,oVdv7xKxewbXMS2EnHRgDMZvECA=,DcW2jxIrI3/eRGY97X6xmaiQYJk=
99,-74,oVdv7xKxewbXMS2EnHRgDMZvECA=,DcW2jxIrI3/eRGY97X6xmaiQYJk=
99,-79,oVdv7xKxewbXMS2EnHRgDMZvECA=,DcW2jxIrI3/eRGY97X6xmaiQYJk=
96,-74,oVdv7xKxewbXMS2EnHRgDMZvECA=,DcW2jxIrI3/eRGY97X6xmaiQYJk=
101,-80,oVdv7xKxewbXMS2EnHRgDMZvECA=,DcW2jxIrI3/eRGY97X6xmaiQYJk=
97,-79,oVdv7xKxewbXMS2EnHRgDMZvECA=,DcW2jxIrI3/eRGY97X6xmaiQYJk=
100,-74,oVdv7xKxewbXMS2EnHRgDMZvECA=,DcW2jxIrI3/eRGY97X6xmaiQYJk=
100,-80,oVdv7xKxewbXMS2EnHRgDMZvECA=,DcW2jxIrI3/eRGY97X6xmaiQYJk=
99,-80,oVdv7xKxewbXMS2EnHRgDMZvECA=,DcW2jxIrI3/eRGY97X6xmaiQYJk=
100,-79,oVdv7xKxewbXMS2EnHRgDMZvECA=,DcW2jxIrI3/eRGY97X6xmaiQYJk=
97,-74,oVdv7xKxewbXMS2EnHRgDMZvECA=,DcW2jxIrI3/eRGY97X6xmaiQYJk=
97,-80,oVdv7xKxewbXMS2EnHRgDMZvECA=,DcW2jxIrI3/eRGY97X6xmaiQYJk=
98,-79,oVdv7xKxewbXMS2EnHRgDMZvECA=,DcW2jxIrI3/eRGY97X6xmaiQYJk=
103,-75,oVdv7xKxewbXMS2EnHRgDMZvECA=,DcW2jxIrI3/eRGY97X6xmaiQYJk=
111,-80,oVdv7xKxewbXMS2EnHRgDMZvECA=,DcW2jxIrI3/eRGY97X6xmaiQYJk=
96,-80,oVdv7xKxewbXMS2EnHRgDMZvECA=,DcW2jxIrI3/eRGY97X6xmaiQYJk=
111,-65,oVdv7xKxewbXMS2EnHRgDMZvECA=,WnMDFa7yC9IZj8kWhrlbq6UBL8k=
96,-65,oVdv7xKxewbXMS2EnHRgDMZvECA=,cJ1rFWd1Lys9qptV2f3uniKvBEE=
